id,kategorie,subkategorie,frage,tipp1,tipp2,loesung,status
1,A) Welt & Natur,Berge & Höhen,Wie hoch ist der Mount Everest laut Messung von 2020 (Nepal & China)?,Der Burj Khalifa ist rund 830 Meter hoch; Everest überragt ihn um ein Vielfaches,Der Kilimandscharo Afrikas höchster Berg misst etwa 5895 Meter; Everest ist deutlich höher,8848.86,todo
2,A) Welt & Natur,Berge & Höhen,Wie viele erfolgreiche Besteigungen des Mount Everest sind bis Ende 2023 verzeichnet?,Vor dem Jahr 2000 wurden insgesamt weniger als 1.200 Everest-Gipfel erreicht,Bis 2010 waren rund 5.100 Gipfelbesteigungen registriert; moderne Rekordjahre bringen je 600–800,11.346,todo
3,A) Welt & Natur,Berge & Höhen,Wie hoch ist der höchste Berg Deutschlands nach offizieller Messung?,Außerhalb der Alpen bleiben Deutschlands Berge klar unter 2000m Höhe; der Höchste steht in Bayern,Frankreichs Mont Blanc ist etwa 4800m hoch; deutlich höher als Deutschlands höchster Gipfel,2962,todo
4,A) Welt & Natur,Berge & Höhen,Wie viele anerkannte Hauptgipfel gibt es auf der Erde - die eine bestimmte Hoehe ueberschreiten?,Alle Gipfel dieser Kategorie liegen im Himalaya und Karakorum – außerhalb Asiens gibt es keine,Es gibt weltweit über 100 Gipfel über 7200m; nur wenige erreichen die noch höhere Schwelle,14,todo
5,A) Welt & Natur,Berge & Höhen,Wie hoch ist der Olympus Mons auf dem Mars?,Mount Everest ist 8.8 km hoch; Olympus Mons ist deutlich höher,Mauna Loa der höchste irdische Vulkan erreicht vom Meeresgrund aus etwa 9 km,22,todo
6,A) Welt & Natur,Berge & Höhen,Wie viele Stufen umfasst der Treppenlauf im Empire State Building?,Das Empire State Building hat 102 Stockwerke der Lauf endet auf der 86 Etage,Treppenlauf im Taipei 101 umfasst 2046 Stufen über 91 Etagen länger als im Empire,1576,todo
7,A) Welt & Natur,Berge & Höhen,Wie hoch ist das höchste Gebäude der Welt (Burj Khalifa) exakt?,Eiffelturm in Paris 330 Meter hoch; Burj Khalifa ist deutlich höher als dieses Wahrzeichen,Taipei 101 war mit 508 Metern Rekordhalter; Burj Khalifa ist über fünfzig Prozent höher,828,todo
8,A) Welt & Natur,Berge & Höhen,Um wie viel hebt sich der Mount Everest durch Plattentektonik pro Jahr an?,Die indische Platte driftet pro Jahr mehrere Zentimeter nach Norden; Everests Wachstum bleibt millimetergroß.,In Skandinavien hebt sich das Land regional um fast 1 Zentimeter pro Jahr.,4,todo
9,A) Welt & Natur,Berge & Höhen,Wie tief ist die tiefste bekannte Stelle des Ozeans (Witjas-Tief 1) laut Messung 2019?,Die durchschnittliche Ozeantiefe liegt bei rund vier Kilometern; Witjas-Tief 1 geht deutlich darüber hinaus,Das Titanicwrack ruht in etwa vier Kilometern Tiefe; Witjas-Tief 1 ist erheblich tiefer,10.028,todo
10,A) Welt & Natur,Berge & Höhen,Auf welcher Höhe über dem Meeresspiegel liegt der Regierungssitz La Paz (Bolivien)?,Mexiko-Stadt liegt auf etwa 2300 Metern; La Paz noch deutlich höher im Gebirge,Das Everest-Basislager liegt auf rund 5360 Metern; La Paz liegt deutlich darunter,3640,todo
11,A) Welt & Natur,Flüsse Seen & Meere,Wie lang ist der längste Fluss der Welt laut Guinness Buch?,Der Fluss misst deutlich weniger als ein Viertel des Erdumfangs am Äquator,Die Donau ist etwa 2800 lang; der längste Fluss ist mehr als doppelt so lang,6.650,todo
12,A) Welt & Natur,Flüsse Seen & Meere,Wie viel Prozent der Erdoberfläche sind mit Wasser bedeckt?,Die Oberfläche des Planeten Mars ist ungefähr so groß wie die gesamte Landfläche der Erde,Der Pazifik allein ist flächenmäßig größer als alle Kontinente und Inseln der Erde zusammen,71,todo
13,A) Welt & Natur,Flüsse Seen & Meere,Wie viel Wasser passt in ein olympisches Schwimmbecken bei theoretischer Füllung bis zum Rand?,Ein durchschnittlicher privater Swimmingpool fasst nur grob 50000 bis 100000 Liter,Das NASA Trainingsbecken für Astronauten enthält ungefähr zehnmal so viel Wasser wie ein olympisches Becken,2500000,todo
14,A) Welt & Natur,Flüsse Seen & Meere,Wie tief ist der Bodensee an seiner tiefsten gemessenen Stelle?,Viele große deutsche Seen bleiben klar unter 80 Metern Tiefe; der Bodensee ist tiefer.,Der Starnberger See gilt als sehr tief mit etwa 128 Metern; der Bodensee übertrifft ihn.,251,todo
15,A) Welt & Natur,Flüsse Seen & Meere,Wie viele Brücken verbinden die Inseln im historischen Zentrum von Venedig?,Das historische Zentrum umfasst etwa 120 Inseln und rund 150 Kanäle,Die vielen kleinen Inseln sind meist über zwei bis fünf Brücken mit Nachbarinseln verbunden,400,todo
16,A) Welt & Natur,Flüsse Seen & Meere,Wie lange dauert es theoretisch für ein Wassermolekül - eine komplette Runde im globalen Förderband zu absolvieren?,In der Atmosphäre bleibt Wasser nur etwa zehn Tage; im antarktischen Eis viele Jahrtausende,Im Weltozean beträgt die durchschnittliche Verweilzeit eines Wassermoleküls etwa dreitausend Jahre,1000,todo
17,A) Welt & Natur,Flüsse Seen & Meere,Wie viele Inseln hat Schweden offiziell?,Schweden führt die Weltrangliste an – mehr Inseln als Indonesien oder Japan,Kanada hat etwa 52.000 Inseln; Schweden liegt bei der Inselzahl deutlich darüber,267.570,todo
18,A) Welt & Natur,Flüsse Seen & Meere,Wie hoch ist der durchschnittliche Salzgehalt der Ozeane?,Typische Flüsse haben weniger als ein Gramm Salz pro Liter; Meerwasser deutlich mehr,Das Tote Meer ist mehr als achtmal so salzig wie durchschnittliches Ozeanwasser,35,todo
19,A) Welt & Natur,Flüsse Seen & Meere,Wie oft passt die Länge eines bekannten europäischen Flusses in die eines bekannten südamerikanischen Flusses (auf eine Nachkommastelle)?,Der südamerikanische Fluss ist länger als Donau 2850 km; kürzer als Amazonas 6400 km.,Der europäische Fluss entspringt im Riesengebirge; fließt durch Dresden und Hamburg in die Nordsee.,4.4,todo
20,A) Welt & Natur,Flüsse Seen & Meere,Wie viele von der UNESCO erfasste Schiffswracks liegen schätzungsweise am Meeresgrund?,Seeverkehr ist seit Jahrtausenden extrem dicht; jede Epoche hinterlässt ihre eigene Wrackwelle,In den Großen Seen sind über 6000 Wracks bekannt; das Meer umfasst weit mehr,3 Millionen,todo
21,A) Welt & Natur,Länder & Landschaften,Wie viele Staaten sind aktuell Mitglied der Vereinten Nationen?,1945 startete die UNO mit 51 Mitgliedern; durch Entkolonisierung hat sich die Zahl vervielfacht,Die Afrikanische Union hat 55 Staaten; die UN umfasst deutlich mehr aus allen Kontinenten,193,todo
22,A) Welt & Natur,Länder & Landschaften,Wie oft passt die Fläche Deutschlands in die Fläche eines anderen Landes?,Russland macht grob ein Zehntel der weltweiten Landfläche aus – riesig im Vergleich,Flächenmäßig ist Russland beinahe so groß wie ganz Südamerika – deutlich größer als Europa,48,todo
23,A) Welt & Natur,Länder & Landschaften,Über wie viele Zeitzonen erstreckt sich das Staatsgebiet eines großen europäischen Landes mit Überseegebieten?,Die Erde ist in etwa 24 Zeitzonen eingeteilt; dieses Land nutzt einen merklichen Anteil,Kanada nutzt sechs Zeitzonen; das gesuchte Land liegt deutlich darüber durch Überseegebiete,12,todo
24,A) Welt & Natur,Länder & Landschaften,Wie viele Menschen lebten 2023 laut offizieller Schätzung in der Vatikanstadt?,Der Vatikan ist flächenmäßig eher ein kleines Stadtviertel als eine richtige Stadt,Andere europäische Zwergstaaten haben zehntausende Einwohner; der Vatikan deutlich weniger,800,todo
25,A) Welt & Natur,Länder & Landschaften,Wie viele direkte Nachbarländer hat die Volksrepublik China?,China teilt sich weltweit den Rekord für die meisten direkten Nachbarn mit Russland,Deutschland hat 9 Nachbarländer; Brasilien 10; China liegt deutlich darüber,14,todo
26,A) Welt & Natur,Länder & Landschaften,Welcher Anteil der Weltbevölkerung lebte 2023 auf dem asiatischen Kontinent?,In Asien leben mehr Menschen als auf allen anderen Kontinenten zusammen,Afrika ist der zweitbevölkerungsreichste Kontinent; sein Anteil beträgt nur etwa 18 Prozent,59,todo
27,A) Welt & Natur,Länder & Landschaften,Wie viele antike Pyramiden wurden im Sudan bisher entdeckt?,Im Sudan stehen mehr Pyramiden als im berühmten Nachbarland Ägypten,In Ägypten sind etwa 140 Pyramiden bekannt; Sudan übertrifft diese Zahl deutlich,255,todo
28,A) Welt & Natur,Länder & Landschaften,Wie lang ist die gemeinsame Grenze zwischen den USA und Kanada?,Die US–Mexiko-Grenze ist rund 3100 km lang; die US–Kanada-Grenze ist deutlich länger.,Die Grenze China–Mongolei misst etwa 4600 km; die US–Kanada-Grenze übertrifft sie klar.,8891,todo
29,A) Welt & Natur,Länder & Landschaften,Wie viele Seen gibt es in Kanada - die laut Regierungsangaben eine bestimmte Mindestgröße überschreiten?,Kanada hat weltweit die meisten Seen – insgesamt fast 880000 Wasserflächen unterschiedlichster Größe,Nur 561 Seen in Kanada sind größer als 100 Quadratkilometer; die meisten sind viel kleiner,31.752,todo
30,A) Welt & Natur,Länder & Landschaften,Wie oft passt die Fläche eines kleineren deutschen Bundeslandes in die Fläche des größten deutschen Bundeslandes?,Bayern nimmt ungefähr ein Fünftel der Gesamtfläche Deutschlands ein; weit vor allen anderen Ländern.,Das kleinere Vergleichsbundesland ist das Saarland; seine Fläche ähnelt stark der von Luxemburg.,27,todo
31,A) Welt & Natur,Städte & Lage & Distanzen,Wie weit ist die Großkreis-Entfernung (Luftlinie) zwischen Berlin und New York?,Von New York nach Los Angeles sind 4000 Kilometer; Berlin New York ist weiter,Die Luftlinie Berlin Tokio liegt bei fast 9000 Kilometern; Berlin New York ist deutlich kürzer,6391,todo
32,A) Welt & Natur,Städte & Lage & Distanzen,Wie viele Haltestellen hat das derzeitige U-Bahn-Netz von New York City?,Allein in Manhattan liegen 151 Subwaystationen; die restlichen Boroughs kommen noch dazu,London Underground hat 272 Stationen; Paris Métro 321; New York liegt darüber,472,todo
33,A) Welt & Natur,Städte & Lage & Distanzen,Wie viele Einwohner zählt die Metropolregion Tokio laut Zensus 2020?,Im Großraum Tokio lebt rund ein Drittel der gesamten Bevölkerung Japans.,Die Metropolregion New York hat rund 23.6 Millionen Einwohner; Tokio liegt deutlich darüber.,37,todo
34,A) Welt & Natur,Städte & Lage & Distanzen,Wie lang ist die Chinesische Mauer inklusive aller Verzweigungen laut chinesischer Messung 2012?,Die Große Mauer verteilt sich über 15 Provinzen und mehr als 40 000 Fundstellen,Die Ming Mauer wurde früher allein auf rund 8 850 km Länge geschätzt,21196,todo
35,A) Welt & Natur,Städte & Lage & Distanzen,Wie viele Brücken gibt es in der Stadt Hamburg?,Hamburg hat mehr Brücken als Amsterdam und Venedig zusammen,Amsterdam hat über 1200 Brücken; Hamburg besitzt deutlich mehr,2500,todo
36,A) Welt & Natur,Städte & Lage & Distanzen,Wie groß ist der Umfang der Erde am Äquator?,Die Entfernung Erde Mond beträgt etwa 384 000 km – viele Erdumfänge passen hinein,Die Chinesische Mauer ist insgesamt rund 21 000 km – unter einer Erdumrundung,40075,todo
37,A) Welt & Natur,Städte & Lage & Distanzen,Wie weit ist die Strecke auf der Straße vom Nordkapp in Norwegen bis nach Kapstadt in Südafrika?,Die Panamericana von Alaska bis Feuerland ist fast 30.000 Kilometer lang,Von Oslo nach Kapstadt fährt man auf der Straße etwa 14.400 Kilometer,21.000,todo
38,A) Welt & Natur,Städte & Lage & Distanzen,Wie weit ist die Luftlinie zwischen dem nördlichsten und südlichsten Punkt Deutschlands?,Italien erstreckt sich Nord Süd fast 1200 Kilometer; Deutschland ist spürbar kürzer.,Hamburg München Luftlinie 612 Kilometer; Deutschlands Nord Süd Ausdehnung ist deutlich größer.,876,todo
39,A) Welt & Natur,Städte & Lage & Distanzen,Auf welcher Höhe liegt der Bahnhofsvorplatz von Davos?,Zürich Hauptbahnhof liegt auf etwa 400 Metern über Meer; Davos ist deutlich höher,Der nahe Flüelapass erreicht rund 2380 Meter Höhe; Davos liegt deutlich darunter im Tal,1560,todo
40,A) Welt & Natur,Städte & Lage & Distanzen,Wie viele Pubs gab es 2019 in Greater London laut ONS-Statistik?,2019 lebten in Greater London ungefähr so viele Menschen wie in ganz Österreich,Im ganzen Vereinigten Königreich gab es 2019 rund 47 Tausend Pubs laut Branchenverband,3.640,todo
41,A) Welt & Natur,Wetter & Klima-Rekorde,Welches ist die höchste offiziell anerkannte Temperatur - die je auf Erden gemessen wurde?,Der Rekord stammt aus Death Valley in Kalifornien einem extrem heißen tief liegenden Wüstenbecken,Wasser kocht bei 100 Grad; selbst die heißesten Tage in Europa bleiben deutlich darunter,56.7,todo
42,A) Welt & Natur,Wetter & Klima-Rekorde,Welches ist die tiefste direkt gemessene Temperatur auf Erden?,In Haushaltsgefrierschränken sind es etwa -18 Grad; der Rekordwert ist deutlich kälter.,Flüssiger Stickstoff hat rund -196 Grad; die Rekordtemperatur auf Erden ist merklich wärmer.,-89.2,todo
43,A) Welt & Natur,Wetter & Klima-Rekorde,Wie viele Blitze werden weltweit durchschnittlich pro Sekunde registriert?,Rund um den Globus toben gleichzeitig fast 1800 Gewitter – es blitzt ständig irgendwo,Satelliten registrieren weltweit jährlich über zwei Milliarden Blitze – geteilt durch Sekunden ergibt deine Schätzung,44,todo
44,A) Welt & Natur,Wetter & Klima-Rekorde,Wie viel Regen fiel beim Weltrekord innerhalb von nur einer Minute?,Schon ab 10 Millimetern pro Stunde heißt Regen Starkregen; hier geht es um eine Minute,Beim Stunden-Weltrekord fielen in Missouri über 300 Millimeter Regen in nur 42 Minuten,31.8,todo
45,A) Welt & Natur,Wetter & Klima-Rekorde,Wie schwer war das schwerste offiziell gewogene Hagelkorn?,Der Gewichtsrekord stammt aus Bangladesch 1986 – der Hagelsturm tötete damals 92 Menschen,Rekordhagel deutlich schwerer als Golfball mit 45 Gramm; deutlich leichter als Bowlingkugel mit mehreren Kilogramm,1.02,todo
46,A) Welt & Natur,Wetter & Klima-Rekorde,Welche Windgeschwindigkeit erreichte der stärkste Tornado in der Doppler-Radar-Messung?,Ein EF5-Tornado beginnt bei etwa 322 km/h; der Rekord lag deutlich darüber,Ein Formel-1-Wagen schafft rund 350 km/h; der Rekordtornado war wesentlich schneller,486,todo
47,A) Welt & Natur,Wetter & Klima-Rekorde,Wie viele Gewitter gibt es weltweit zu jedem beliebigen Zeitpunkt?,Über ein Jahr betrachtet entstehen weltweit grob sechzehn Millionen Gewitter.,An einem typischen Tag entstehen weltweit zehntausende Gewitter; viele davon nacheinander statt gleichzeitig.,2.000,todo
48,A) Welt & Natur,Wetter & Klima-Rekorde,Wie viel Wasser verdunstet eine ausgewachsene Eiche an einem heißen Sommertag?,Ein Mensch trinkt täglich etwa 2 Liter; eine große Eiche verdunstet ein Vielfaches,Eine große Eiche kann im Jahr um 150000 Liter Wasser verdunsten,400,todo
49,A) Welt & Natur,Wetter & Klima-Rekorde,Wie hoch war die mittlere Jahrestemperatur in Deutschland im Rekordjahr 2023?,Gegenüber dem Klimamittel 1961–1990 lag 2023 in Deutschland rund 2.4 Grad höher,In 1961–1990 betrug Deutschlands Jahresmitteltemperatur gut 8 Grad; 2023 lag deutlich darüber,11.5,todo
50,A) Welt & Natur,Wetter & Klima-Rekorde,Wie hoch ist die geschätzte Anzahl aller Schneeflocken - die pro Jahr weltweit fallen?,Auf allen Stränden der Erde zusammen gibt es grob rund sieben Trillionen Sandkörner,Schätzungen zufolge fallen weltweit pro Sekunde ungefähr eine Million Milliarden Schneeflocken,24,todo
51,A) Welt & Natur,Naturphänomene,Wie viele Vulkane werden von der Smithsonian Institution als aktiv eingestuft?,Die fünf vulkanreichsten Länder bringen es zusammen schon auf über 600 Holozän‑Vulkane,Im pazifischen Feuerring liegen 693 Holozän‑Vulkane; das sind 56 Prozent der Weltgesamtzahl,1357,todo
52,A) Welt & Natur,Naturphänomene,Wie viele Erdbeben der Stärke 6.0 oder höher ereignen sich im langjährigen Mittel jährlich?,Weltweit gibt es jährlich viele Tausend Erdbeben ab Magnitude 4.0,Sehr starke Beben ab Magnitude 8.0 treten im Schnitt nur etwa einmal pro Jahr auf,100,todo
53,A) Welt & Natur,Naturphänomene,Wie hoch war der höchste dokumentierte Tsunami durch einen Erdrutsch?,Typische Tsunamiwellen erreichen an Küsten selten über 30 Meter; hier war es ein Megatsunami,Die Flut lief einen Hang hinauf; höher als das Empire-State-Building in New York,524,todo
54,A) Welt & Natur,Naturphänomene,Wie lange dauerte die längste Bruchphase beim Sumatra-Andaman-Beben 2004?,Viele starke Erdbeben sind nach höchstens 30 bis 40 Sekunden seismischer Bruchphase vorbei,Das Tohoku Megabeben 2011 hatte eine Bruchdauer von etwa 160 Sekunden deutlich kürzer,500,todo
55,A) Welt & Natur,Naturphänomene,Welche Temperatur hat basaltische Lava direkt beim Austritt maximal?,Ein Pizzaofen schafft rund 500 Grad - Basaltlava ist ein Mehrfaches heißer,Rhyolithische Lava eruptiert oft nur bei etwa 700 Grad - Basaltlava deutlich heißer,1200,todo
56,A) Welt & Natur,Naturphänomene,Wie viele Tornados werden im langjährigen Mittel pro Jahr in einem Land beobachtet - das für seine Tornado Alley bekannt ist?,Kanada ist weltweit Nummer zwei mit im Schnitt etwa 100 Tornados pro Jahr,Ein einzelner US-Bundesstaat Texas erlebt im Mittel rund 135 Tornados pro Jahr,1200,todo
57,A) Welt & Natur,Naturphänomene,Um wie viel entfernen sich Nordamerika und Europa pro Jahr voneinander?,Deine Kopfhaare legen pro Jahr rund 15 Zentimeter zurück; Kontinente sind viel langsamer,An der schnellsten Spreizungszone im Pazifik driften Platten mit über 15 Zentimetern pro Jahr auseinander,2,todo
58,A) Welt & Natur,Naturphänomene,Vor wie vielen Jahren ereignete sich der letzte große Ausbruch des Yellowstone-Vulkans?,Yellowstone hatte drei Rieseneruptionen; zwei ältere vor etwa 2.1 und 1.3 Millionen Jahren,Jüngste Lavaeruption in Yellowstone war vor etwa 70000 Jahren; der letzte Superausbruch deutlich älter,640000,todo
59,A) Welt & Natur,Naturphänomene,Wie dick ist die kontinentale Erdkruste im weltweiten Durchschnitt?,Ozeanische Erdkruste ist nur etwa 6–7 km dick; kontinentale Kruste deutlich dicker.,Unter Hochgebirgen wie dem Himalaya kann kontinentale Kruste über 70 km dick werden.,35,todo
60,A) Welt & Natur,Naturphänomene,Wie viele Menschenleben forderte der Ausbruch des Krakatau 1883 offiziell?,Krakatau gilt nach Tambora als zweittödlichster Vulkanausbruch seit 1500; Hauptursache waren Tsunamis.,Tambora tötete über 70.000 Menschen; Nevado del Ruiz etwa 23.000; Krakatau liegt dazwischen.,36.417,todo
61,A) Welt & Natur,Tiere,Wie viele Herzen hat ein Oktopus?,Wir Menschen haben ein Herz – ein Oktopus besitzt deutlich mehr als wir,Ein Regenwurm hat fünf Herzpaare – der Oktopus liegt weit darunter aber über uns,3,todo
62,A) Welt & Natur,Tiere,Welches Alter erreichte der älteste untersuchte Grönlandhai laut Radiokarbondatierung?,Langlebigste Säugetiere wie Grönlandwale schaffen über 200 Jahre; der Grönlandhai lebt deutlich länger,Ein Grönlandhai wächst nur rund 1 Zentimeter pro Jahr und wird über 5 Meter lang,392,todo
63,A) Welt & Natur,Tiere,Wie lange schläft ein Koala durchschnittlich pro Tag?,Erwachsene Menschen schlafen etwa 8 Stunden; Koalas ruhen deutlich mehr,Sogar Faultiere schlafen in freier Wildbahn rund 10 Stunden täglich; Koalas noch länger,20,todo
64,A) Welt & Natur,Tiere,Welche Höchstgeschwindigkeit wurde bei einem Wanderfalken im Sturzflug gemessen?,Gepard rund 100 km/h; Fallschirmspringer rund 200 km/h; der Wanderfalke ist schneller,Adler erreichen im Sturzflug etwa 240 km/h; der Wanderfalke bleibt deutlich unter Passagierjets,389,todo
65,A) Welt & Natur,Tiere,Wie viele Zähne kann ein Weißer Hai in seinem Leben verbrauchen?,Ein Weißer Hai hat etwa 50 bis 60 Zähne gleichzeitig im Maul; mehrere Reihen dahinter,Manche Haie verbrauchen über 50000 Zähne im Leben; der Weiße Hai liegt darunter im Zehntausenderbereich,30000,todo
66,A) Welt & Natur,Tiere,Wie schwer war das Herz eines Blauwals - das 2014 präpariert wurde?,Ein menschliches Herz wiegt rund 300 Gramm; ein Elefantenherz nur etwa 12 bis 21 Kilogramm,Der Wal zu diesem Herz wog etwa 90 Tonnen; das Herz etwa ein halbes Prozent,200,todo
67,A) Welt & Natur,Tiere,Wie viele Ameisen gibt es laut einer Studie von 2022 weltweit auf der Erde?,Alle Ameisen zusammen haben ungefähr ein Fünftel der Gesamtmasse aller Menschen,Auf jeden Menschen kommen grob ein paar Millionen Ameisen weltweit,20,todo
68,A) Welt & Natur,Tiere,Wie lang kann die Zunge einer Giraffe maximal werden?,Eine menschliche Zunge misst meist nur um die zehn Zentimeter; Giraffenzungen sind weit länger.,Chamäleons erreichen mit ihrer Zunge über einen Meter Länge; Giraffen bleiben deutlich darunter.,50,todo
69,A) Welt & Natur,Tiere,Wie viele Flügelschläge pro Sekunde schafft der Rubinkehlkolibri im Normalflug?,Typische Singvögel schlagen ihre Flügel nur etwa 10 bis 20 Mal pro Sekunde,In Balzflügen schafft der Rubinkehlkolibri rund 200 Flügelschläge pro Sekunde – Normalflug deutlich darunter,50,todo
70,A) Welt & Natur,Tiere,Welchen Anteil der Gene teilen sich Mensch und Banane?,Mit Schimpansen ist der Mensch genetisch sehr eng verwandt – viel stärker als mit Pflanzen,Mit Bakterien teilt der Mensch nur einen klar kleineren Genanteil als mit Bananen,50,todo
71,A) Welt & Natur,Pflanzen & Garten,Wie viele Jahre alt ist der Baum Methuselah im Jahr 2024?,Der älteste menschengepflanzte Baum ist über 2300 Jahre alt; Methuselah ist noch älter.,Vergleich: General Sherman etwa 2200 Jahre; Klonbaum Old Tjikko rund 9550; Methuselah dazwischen.,4855,todo
72,A) Welt & Natur,Pflanzen & Garten,Welche maximale Wachstumsrate pro Tag wurde bei Bambus gemessen?,Viele Waldbäume wachsen nur einige Dutzend Zentimeter pro Jahr in die Höhe,Schnellwachsende Bäume schaffen teils rund drei Meter pro Jahr – Bambus an einem Tag,91,todo
73,A) Welt & Natur,Pflanzen & Garten,Wie viele Baumarten sind weltweit in einer umfassenden Datenbank registriert?,Mehr als die Hälfte aller Baumarten gibt es nur in genau einem Land,Brasilien beherbergt 8715 Baumarten; Kolumbien 5776; Indonesien 5142 – Rekordländer,60.065,todo
74,A) Welt & Natur,Pflanzen & Garten,Wie schwer war der schwerste Kürbis der Welt (Weltrekord 2023)?,Ein normaler Halloween-Kürbis wiegt wenige Kilo; der Rekordkürbis war über hundertmal schwerer.,So schwer wie zwei Kühe oder ein Kleinwagen – ungefähr Auto-Gewichtsklasse.,1226,todo
75,A) Welt & Natur,Pflanzen & Garten,Wie hoch wächst der Blütenstand der Titanenwurz im Rekordfall (Bonn 2003)?,Die ganze Titanenwurz kann bis zu sechs Meter hoch werden; der Blütenstand bleibt deutlich darunter,Die Talipotpalme bildet Blütenstände bis etwa acht Meter; der Titanenwurz Rekord bleibt deutlich darunter,274,todo
76,A) Welt & Natur,Pflanzen & Garten,Welcher Anteil der globalen Landfläche ist laut FAO (2020) mit Wald bedeckt?,Ungefähr die Hälfte der bewohnbaren Landfläche ist Landwirtschaft; Wälder bedecken deutlich mehr Fläche als Städte,Die Waldfläche entspricht rund 4 Milliarden Hektar – im Schnitt 5000 Quadratmeter pro Mensch,31,todo
77,A) Welt & Natur,Pflanzen & Garten,Wie viel Wasser kann ein ausgewachsener Saguaro-Kaktus nach einem Regen speichern?,Bei einem vollgesogenen Saguaro sind rund neunzig Prozent der Masse Wasser,Badewanne etwa 150 Liter; Garten Pool zehntausende Liter; Saguaro liegt dazwischen,2000,todo
78,A) Welt & Natur,Pflanzen & Garten,Wie hoch ist der Baum Hyperion (Küstenmammutbaum) laut Messung 2019?,Viele Küstenmammutbäume werden über 60m hoch; Hyperion sticht selbst unter diesen Giganten heraus,Der berühmte General-Sherman-Baum ist rund 84m hoch; Hyperion ist deutlich höher,116,todo
79,A) Welt & Natur,Pflanzen & Garten,Wie viele Kammern hat ein Apfel im Inneren normalerweise?,Steinobst wie Kirschen hat nur eine Samenhöhle Äpfel haben merklich mehr davon,Quer aufgeschnitten zeigt das Apfelkerngehäuse eine kleine sternartige Figur im Fruchtzentrum,Fünf,todo
80,A) Welt & Natur,Pflanzen & Garten,Wie viel Sauerstoff produziert eine große Buche (ca. 100 Jahre) pro Jahr?,Ein Mensch verbraucht im Jahr nur ein paar hundert Kilogramm Sauerstoff,Die Jahresproduktion einer großen Buche deckt den Sauerstoffbedarf von deutlich über zehn Menschen,4000,todo
81,A) Welt & Natur,Erde & Ressourcen,Welche Kantenlänge hätte ein Würfel aus allem jemals geförderten Gold der Welt?,Schätzungen: Insgesamt wurden bisher über 200000 Tonnen Gold aus der Erde geholt,Ein olympisches Schwimmbecken fasst etwa 2500 Kubikmeter; alles Gold füllt nur wenige Becken,22,todo
82,A) Welt & Natur,Erde & Ressourcen,Wie lange reichen die globalen Ölreserven beim Verbrauch von 2020?,Um 2020 entsprach die bislang geförderte Ölmenge grob den noch vorhandenen Reserven,2020 reichten Ölreserven in Europa nur rund 10 Jahre im Mittleren Osten über 80,47,todo
83,A) Welt & Natur,Erde & Ressourcen,Wie viel Haushaltsabfall produzierte jeder Einwohner in Deutschland im Jahr 2021?,In Europa haben sparsame Länder etwa 300 kg Haushaltsabfall je Person; Spitzenreiter über 800 kg,Auf den Tag gerechnet entsteht pro Kopf in Deutschland deutlich über ein Kilogramm Haushaltsabfall,483,todo
84,A) Welt & Natur,Erde & Ressourcen,Wie viel Wasser wird für die Produktion einer einzigen Baumwoll-Jeans benötigt?,Ein Baumwoll T Shirt braucht grob 2500 Liter Wasser; Jeans liegen deutlich darüber,Ein Kilo Rindfleisch verschlingt etwa 15000 Liter Wasser; eine Jeans liegt deutlich darunter,8000,todo
85,A) Welt & Natur,Erde & Ressourcen,Welcher Anteil des gesamten Wassers auf der Erde ist Süßwasser?,Etwa 71 Prozent der Erdoberfläche sind von Wasser bedeckt; der Großteil davon sind Ozeane,Über 96 Prozent allen Wassers stecken als Salzwasser in den Ozeanen; Süßwasser ist der Rest,3,todo
86,A) Welt & Natur,Erde & Ressourcen,Wie tief ist die Kola-Bohrung - das tiefste künstliche Loch der Welt?,Moderne Ölbohrungen schaffen meist nur etwa die Hälfte dieser Tiefe,Die tiefsten Goldminen gehen gut 4 km hinab – deutlich weniger als die Kola-Bohrung,12262,todo
87,A) Welt & Natur,Erde & Ressourcen,Wie viele Smartphones wurden im Jahr 2023 weltweit ausgeliefert?,2023 wurden 242 Millionen PCs und 129 Millionen Tablets ausgeliefert – Smartphones deutlich mehr.,Rund um 2016 und 2017 wurden weltweit etwa 1470 Millionen Smartphones pro Jahr ausgeliefert.,1.150,todo
88,A) Welt & Natur,Erde & Ressourcen,Wie schwer ist die gesamte Erdatmosphäre?,Die Atmosphäre macht insgesamt nur ungefähr einen Millionstel der gesamten Erdmasse aus,Auf jedem Quadratzentimeter deiner Haut lastet etwa 1 Kilogramm Luftgewicht von oben,5.,todo
89,A) Welt & Natur,Erde & Ressourcen,Wie viel Plastikmüll gelangt laut IUCN jährlich in die Ozeane?,Weltweit entstehen jährlich etwa 400 Millionen Tonnen Plastik; nur ein Teil gelangt ins Meer.,In allen Ozeanen schwimmen insgesamt grob 75 bis 199 Millionen Tonnen Plastik.,14,todo
90,A) Welt & Natur,Erde & Ressourcen,Welcher Anteil der weltweiten Agrarflächen wird für Tierhaltung und Tierfutter verwendet?,Nur kleiner Teil der Ackerflächen produziert Essen für Menschen – vieles wird an Tiere verfüttert.,Tierische Produkte liefern nur etwa 18 Prozent der Kalorien – brauchen dafür enorm viel Fläche.,77,todo
91,A) Welt & Natur,Weltraum & Astronomie,Wie lange benötigt Licht für die Strecke von der Sonne zur Erde?,Licht vom Mond zur Erde braucht gut eine Sekunde; die Sonne ist viel weiter weg,Licht von der Sonne bis Jupiter braucht etwa dreiviertel Stunde; bis zur Erde weniger,499,todo
92,A) Welt & Natur,Weltraum & Astronomie,Wie oft passt das Volumen der Erde in das Volumen der Sonne?,Der Durchmesser der Sonne ist ungefähr hundertmal größer als der der Erde,Die Sonne hat etwa 333000 mal so viel Masse; ihre Dichte ist deutlich geringer,1.300.000,todo
93,A) Welt & Natur,Weltraum & Astronomie,Wie alt ist das Universum laut Planck-Weltraumteleskop-Daten?,Die Erde ist etwa 4.5 Milliarden Jahre alt; das Universum deutlich älter,Planck misst Licht aus einer Zeit nur 380000 Jahre nach dem Urknall,13.8,todo
94,A) Welt & Natur,Weltraum & Astronomie,Wie viele Menschen haben bisher die Mondoberfläche betreten?,Alle Mondspaziergänge fanden nur in den Apollojahren 1969 bis 1972 statt,Über 600 Menschen waren im All; fast 300 auf der ISS; weniger auf dem Mond,12,todo
95,A) Welt & Natur,Weltraum & Astronomie,Wie hoch waren die Kosten eines NASA-Raumanzugs der Apollo-Missionen in heutiger Waehrung?,Ein moderner NASA Weltraumspaziergangsanzug der Shuttle Ära kostet grob 12 Mio Dollar,NASA zahlt für einen Platz zur ISS mit SpaceX Crew Dragon rund 60 Mio Dollar,150000000,todo
96,A) Welt & Natur,Weltraum & Astronomie,Wie viel würde eine 100kg schwere Person auf der Mondoberfläche wiegen?,Die Schwerkraft auf dem Mond ist deutlich niedriger als auf dem Mars; Astronauten hüpfen förmlich,Auf dem Mars würde dieselbe 100kg Person etwa 38kg wiegen; auf dem Mond klar weniger,16.,todo
97,A) Welt & Natur,Weltraum & Astronomie,Wie viele Sterne enthält die Milchstraße laut ESA-Schätzung (Gaia Mission)?,Gaia vermisst über 1 Milliarde Sterne unserer Galaxie; das ist nur ein Bruchteil,Nachbarin Andromeda enthält etwa 1 Billion Sterne – unsere Milchstraße hat deutlich weniger,100,todo
98,A) Welt & Natur,Weltraum & Astronomie,Wie lange dauert eine Umdrehung des Merkur um die eigene Achse?,Merkur braucht für einen Umlauf um die Sonne 88 Erdentage,Ein Sonnentag auf dem Merkur von Mittag zu Mittag dauert 176 Erdentage,58.,todo
99,A) Welt & Natur,Weltraum & Astronomie,Wie weit ist der Mond im Durchschnitt von der Erde entfernt in Lichtsekunden?,Licht von der Sonne zur Erde braucht gut acht Minuten - viel weiter als Mond,Funksignale zu Mars-Sonden brauchen je nach Stellung grob drei bis zwanzig Lichtminuten,1.28,todo
100,A) Welt & Natur,Weltraum & Astronomie,Wie viele aktive Satelliten befanden sich laut UCS Database im Januar 2024 im Orbit?,Beim Start der UCS-Datenbank 2005 waren nur 810 Satelliten als aktiv verzeichnet.,Im Juni 2022 listete die UCS-Datenbank bereits über 5465 aktive Satelliten weltweit.,8395,todo
101,B) Mensch & Kultur,Geschichte & Zeitspannen,Wie lange dauerte der Hundertjährige Krieg tatsächlich?,Der Krieg begann im 14. Jahrhundert und endete im 15. Jahrhundert,Länger als der Achtzigjährige Krieg zwischen Niederlanden und Spanien mit rund 80 Jahren,116,todo
102,B) Mensch & Kultur,Geschichte & Zeitspannen,In welchem Jahr wurde das allererste iPhone von Steve Jobs auf einer bekannten Technologiekonferenz vorgestellt?,Als das iPhone vorgestellt wurde war der erste Macintosh schon über zwei Jahrzehnte alt,Zum Präsentationszeitpunkt dominierten Nokia und Blackberry den Smartphonemarkt; Android Geräte gab es noch nicht,2007,todo
103,B) Mensch & Kultur,Geschichte & Zeitspannen,Wie lange war Queen Elizabeth II. genau Staatsoberhaupt?,Während ihrer Regierungszeit dienten ihr 15 britische Premierminister – von Winston Churchill bis Liz Truss,Ihre Amtszeit umspannte 14 US-Präsidenten; ein US-Präsident kann höchstens acht Jahre im Amt sein,70 Jahre und 214 Tage,todo
104,B) Mensch & Kultur,Geschichte & Zeitspannen,Wie viele Jahre liegen zwischen der Errichtung der Cheops-Pyramide und der Geburt von Kleopatra?,Kleopatra lebte zeitlich näher bei uns heute als beim Bau der Cheops-Pyramide,Von der Cheops-Pyramide bis zur Gründung Roms vergingen über 1500 Jahre,2470,todo
105,B) Mensch & Kultur,Geschichte & Zeitspannen,Wie lange dauerte der Britisch-Sansibarische Krieg?,Länger als eine typische Sitcomfolge – deutlich kürzer als ein kompletter Spielfilm,Vom ersten Schuss bis zur Kapitulation verging weniger als eine Stunde,38,todo
106,B) Mensch & Kultur,Geschichte & Zeitspannen,An welchem Datum fiel die Berliner Mauer?,Die Berliner Mauer stand knapp drei Jahrzehnte; gebaut wurde sie Anfang der 1960er Jahre,Kennedys Ich bin ein Berliner Rede an der Mauer war 1963 in West-Berlin,09.11.1989,todo
107,B) Mensch & Kultur,Geschichte & Zeitspannen,Wie viele verschiedene Personen hatten bis 2024 das Amt des Präsidenten der USA inne?,Seit 1789 gibt es das Präsidentenamt – über 230 Jahre amerikanische Geschichte,Würde jeder nur eine vierjährige Amtszeit dienen gäbe es heute etwa 60 Präsidenten,46,todo
108,B) Mensch & Kultur,Geschichte & Zeitspannen,Wie lange lebte der älteste Mensch der Welt (Jeanne Calment) in Tagen?,Sie wurde über 120 Jahre alt,Die Anzahl der Tage liegt zwischen 40.000 und 50.000,44.724,todo
109,B) Mensch & Kultur,Geschichte & Zeitspannen,In welchem Jahr fand die erste Reise von Christoph Kolumbus in die Neue Welt statt?,Die Reise begann kurz nach der Eroberung Granadas - dem Ende der Reconquista,Sie fand fast ein halbes Jahrtausend vor der ersten Mondlandung 1969 statt,1492,todo
110,B) Mensch & Kultur,Geschichte & Zeitspannen,Wie lange existierte die DDR?,Die DDR bestand länger als die Weimarer Republik; aber kürzer als das Deutsche Kaiserreich,Sie wurde 1949 gegründet; mit der deutschen Wiedervereinigung 1990 hörte die DDR auf zu existieren,12.921,todo
111,B) Mensch & Kultur,Politik Gesellschaft & Recht,Wie viele Abgeordnete sitzen im 20. Deutschen Bundestag?,Im Bundestag gibt es 299 Wahlkreise; ihre Direktgewinner kommen zusätzlich über Listenmandate hinein.,Das US-Repräsentantenhaus hat 435 stimmberechtigte Mitglieder; der 20. Bundestag ist deutlich größer.,736,todo
112,B) Mensch & Kultur,Politik Gesellschaft & Recht,Wie alt war im Durchschnitt eine Person in Deutschland am 31.12.2022?,Weltweit lag das Durchschnittsalter 2022 nur bei rund 30 Jahren.,Rund 22 Prozent der Deutschen sind 65plus; weltweit sind es nur etwa 10 Prozent.,44.6,todo
113,B) Mensch & Kultur,Politik Gesellschaft & Recht,Wie viele Bundesgesetze waren in Deutschland am 1.1.2023 in Kraft?,Auf Bundesebene gibt es insgesamt über 4000 Gesetze plus Verordnungen – mit rund 93000 Einzelnormen,Bundesrechtliche Verordnungen sind deutlich zahlreicher als Gesetze – allein über 2700 Verordnungen gelten,1.961,todo
114,B) Mensch & Kultur,Politik Gesellschaft & Recht,Wie viele Staaten sind Mitglied der Vereinten Nationen?,Die UNO startete 1945 nur mit 51 Mitgliedern; seither kamen viele neue Staaten dazu,Es gibt weniger UNO Mitglieder als Fußball Nationalteams bei FIFA; aber mehr als Eurovision Länder,193,todo
115,B) Mensch & Kultur,Politik Gesellschaft & Recht,Wie lange dauert die Amtszeit eines US-Senators?,Abgeordnete im Repräsentantenhaus werden für 2 Jahre gewählt; Senatoren deutlich länger,In anderen Ländern dauern Oberhaus Amtszeiten oft 4 oder sogar 9 Jahre,6,todo
116,B) Mensch & Kultur,Politik Gesellschaft & Recht,Wie hoch war die Wahlbeteiligung bei der Bundestagswahl 2021?,Bundestagswahlen ziehen deutlich mehr Menschen an als Europawahlen in Deutschland; dort oft unter 50 Prozent,Europawahl 2014; in Deutschland gingen nur rund 48 Prozent wählen; Bundestagswahl 2021 lag höher,76.6,todo
117,B) Mensch & Kultur,Politik Gesellschaft & Recht,Wie viele Einwohner hatte die kleinste Gemeinde Deutschlands Ende 2022?,Deutschlands kleinste Stadt Arnis hat 254 Einwohner; die kleinste Gemeinde liegt deutlich darunter.,Ihre Bevölkerungsdichte liegt unter 6 Einwohnern je Quadratkilometer; in München fast 4900.,9,todo
118,B) Mensch & Kultur,Politik Gesellschaft & Recht,Wie viele Ehen wurden 2022 in Deutschland aufgelöst?,Im Rekordjahr 2003 wurden gut 214000 Ehen geschieden; seitdem nimmt die Zahl ab,2022 heirateten in Deutschland rund 390000 Paare; deutlich weniger Ehen wurden geschieden,143.800,todo
119,B) Mensch & Kultur,Politik Gesellschaft & Recht,In welchem Jahr wurde das Frauenwahlrecht in der Schweiz auf Bundesebene eingeführt?,Es war im 20. Jahrhundert; erstaunlich spät im Vergleich zu vielen anderen Ländern,Es war in den 1970er Jahren,1971,todo
120,B) Mensch & Kultur,Politik Gesellschaft & Recht,Wie viele Sterne sind auf der Europaflagge abgebildet?,Die Sternenzahl hat nichts mit EU-Staatenzahl zu tun; aktuell sind es 27 Staaten,US-Flagge zeigt 50 Sterne; China-Flagge 5 Sterne; Europaflagge liegt dazwischen,12,todo
121,B) Mensch & Kultur,Sprache & Redewendungen,Wie viele Stichwörter sind im Duden in der 28. Auflage enthalten?,Der Urduden von 1880 enthielt nur rund 27000 Stichwörter; die 28. Auflage ein Vielfaches,Ein umfassendes amerikanisches Wörterbuch von Merriam Webster erfasst etwa 470000 Stichwörter; deutlich mehr,148.000,todo
122,B) Mensch & Kultur,Sprache & Redewendungen,Wie viele lebende Sprachen werden weltweit verzeichnet?,In Afrika werden rund 2000 Sprachen gesprochen – etwa ein Drittel aller lebenden,Papua-Neuguinea allein hat etwa 840 Sprachen – fast zwölf Prozent aller Weltsprachen,7151,todo
123,B) Mensch & Kultur,Sprache & Redewendungen,Wie viele Buchstaben hat das längste Wort im Duden?,Unter die fünf längsten Dudenwörter kommt man erst mit deutlich mehr als 30 Buchstaben,Im Dudenkorpus gibt es Wörter mit 67 Buchstaben; das Duden Rekordwort ist spürbar kürzer,44,todo
124,B) Mensch & Kultur,Sprache & Redewendungen,Welcher Anteil des englischen Wortschatzes stammt laut Finkenstaedt & Wolff aus dem Germanischen?,Über 90 der 100 häufigsten englischen Wörter sind germanisch – hier geht es ums Wörterbuch,In der Studie machen Latein und Französisch zusammen mehr als die Hälfte des Wortschatzes aus,26,todo
125,B) Mensch & Kultur,Sprache & Redewendungen,Wie viele Schriftzeichen gehören zu den allgemein gebräuchlichen Schriftzeichen in China?,Es gibt über 80.000 chinesische Schriftzeichen – die meisten sind heute sehr selten,Die offizielle Normliste für Alltagstexte in China umfasst rund 7.000 Schriftzeichen,3.500,todo
126,B) Mensch & Kultur,Sprache & Redewendungen,Wie viele Wörter spricht eine Frau durchschnittlich pro Tag laut einer Studie?,Die Studie zeigt Frauen reden nicht viel mehr als Männer – eher ähnlich viel,Bei 100 Wörtern pro Minute ergäben acht Stunden Dauerreden fast 50.000 Wörter,16.000,todo
127,B) Mensch & Kultur,Sprache & Redewendungen,Wie oft kommt der Buchstabe E in deutschen Texten vor?,Deutsch hat im Vergleich zu vielen Sprachen einen außergewöhnlich hohen Anteil an E,In englischen Texten ist E etwa jeder zehnte Buchstabe; im Deutschen deutlich häufiger,17,todo
128,B) Mensch & Kultur,Sprache & Redewendungen,Wie viele offizielle Sprachen hat die Europäische Union?,Die Vereinten Nationen arbeiten mit 6 Amtssprachen – die EU mit deutlich mehr.,Südafrika hat 11 Amtssprachen; die EU anerkennt noch einmal deutlich mehr Sprachen.,24,todo
129,B) Mensch & Kultur,Sprache & Redewendungen,Wie viele Verse hat Goethes Faust Der Tragödie erster Teil?,Dantes Goettliche Komoedie umfasst 14233 Verse; deutlich mehr als Goethes kompletter Faust,Beide Teile von Goethes Faust zusammen haben rund 12000 Verse,4612,todo
130,B) Mensch & Kultur,Sprache & Redewendungen,Wie viele Menschen sprechen Mandarin als Muttersprache?,Die Weltbevölkerung liegt bei rund 8 Milliarden; Mandarins Anteil ist deutlich spürbar,Spanisch und Englisch haben jeweils deutlich unter 500 Millionen Muttersprachler; Mandarin liegt darüber,920,todo
131,B) Mensch & Kultur,Bräuche & Feiertage,Wie viel Bier wurde auf dem Oktoberfest 2023 ausgeschenkt?,Trotz Besucherrekord 2023 trank der durchschnittliche Gast weniger als ein Maß Bier,Im Rekordjahr 2011 wurden fast acht Millionen Maß ausgeschenkt; 2023 lag deutlich darunter,5.8 Millionen,todo
132,B) Mensch & Kultur,Bräuche & Feiertage,Wie viele Kalorien hat eine typische Portion eines traditionellen Festtagsessens mit Fleisch und Beilagen?,Erwachsene benötigen am Tag grob 1600 bis 3000 Kalorien laut Ernährungsempfehlungen.,Ein einziges Stück Pumpkin Pie zum Nachtisch liefert oft rund 300 bis 350 Kalorien.,1200,todo
133,B) Mensch & Kultur,Bräuche & Feiertage,Wie viele Schnittblumen importiert Deutschland im Februar?,Deutschland importiert jährlich rund vier bis fünf Milliarden Schnittblumen; Februar gehört zu den Spitzenmonaten,Über den Flughafen Frankfurt kommen vor Valentinstag in zwei Wochen 15 bis 20 Millionen Rosen,100,todo
134,B) Mensch & Kultur,Bräuche & Feiertage,Nach wie vielen Ehejahren feiert man die Gnadenhochzeit?,Bekannter ist die Goldene Hochzeit nach 50 Jahren; Gnadenhochzeit kommt noch deutlich später.,Himmelshochzeit bezeichnet 100 Ehejahre; Gnadenhochzeit wird deutlich vor diesem Jahrhundertjubiläum gefeiert.,70,todo
135,B) Mensch & Kultur,Bräuche & Feiertage,Wie viele gesetzliche Feiertage gibt es in einer Stadt in Deutschland - die besonders viele hat?,Weltweit schwankt die Zahl der Feiertage stark; von nur 6 bis über 40 pro Jahr.,Das Feiertags-Spitzenreiter-Bundesland Bayern gönnt sich 13 gesetzliche Feiertage im Jahr.,9,todo
136,B) Mensch & Kultur,Bräuche & Feiertage,Wie hoch war der Umsatz mit Silvesterfeuerwerk in Deutschland 2022/23?,Die deutsche Pyrotechnikbranche setzte 2010 rund 900 Millionen Euro um; Silvester war Nebengeschäft.,In den Pandemie-Jahren 2020 und 2021 brachte Silvesterfeuerwerk jeweils nur rund 20 Millionen Umsatz.,113,todo
137,B) Mensch & Kultur,Bräuche & Feiertage,Wie schwer war der größte Schokoladenhase der Welt - der 2017 in Brasilien hergestellt wurde?,Der Schokohase war etwa so hoch wie ein kleines Einfamilienhaus,Der vorherige Rekordhase aus Südafrika wog rund 3 Tonnen; der Brasilien-Hase war deutlich schwerer,4487,todo
138,B) Mensch & Kultur,Bräuche & Feiertage,An welchem Tag im April wird ein bedeutender Tag für die deutsche Bierkultur gefeiert?,Er erinnert an den Erlass des Reinheitsgebots im Jahr 1516; Datum ist identisch,Er liegt im letzten Drittel des April; deutlich näher am 30. als am 1,23.,todo
139,B) Mensch & Kultur,Bräuche & Feiertage,Wie viele Menschen wurden beim Kölner Rosenmontagszug 2023 von der Polizei geschätzt?,Der Zug schlängelt sich über gut 8 Kilometer durch die Stadt; rund 12000 ziehen mit,Beim Oktoberfest besuchen insgesamt über 6 Millionen Menschen die Wiesn; an Spitzentagen bis 400000,1.200.000,todo
140,B) Mensch & Kultur,Bräuche & Feiertage,Wie viele Eier konsumiert eine Person durchschnittlich in Deutschland im Jahr 2022?,Weltweit liegt der Schnitt bei rund 160 Eiern pro Person und Jahr; Deutschland darüber,In Eier-Hochburgen wie Mexiko oder Japan sind über 330 Eier pro Kopf und Jahr üblich,239,todo
141,B) Mensch & Kultur,Kunst & Architektur,Wie lange dauerte es von der Grundsteinlegung bis zur Vollendung des Kölner Doms?,Notre-Dame in Paris wurde in etwa 180 Jahren gebaut; Köln brauchte deutlich länger,Beim Kölner Dom gab es eine Baupause von über 300 Jahren; Vollendung im 19. Jahrhundert,632,todo
142,B) Mensch & Kultur,Kunst & Architektur,Für wie viel Geld wurde Salvator Mundi 2017 versteigert?,Vor 2017 galten Gemäldepreise um 250 bis 300 Millionen als absolute Rekordmarke.,Ein Klimt-Porträt brachte 236 Millionen und ist trotzdem nur Nummer zwei hinter Salvator Mundi.,450.3,todo
143,B) Mensch & Kultur,Kunst & Architektur,Wie viele Menschen besuchten das bekannteste Museum in Paris im Jahr 2023?,Der Louvre war einst für rund vier Millionen Besucher pro Jahr ausgelegt – heute überfüllt,Das British Museum schaffte 2023 gut fünf Millionen Besucher – der Louvre lag klar darüber,8 Millionen,todo
144,B) Mensch & Kultur,Kunst & Architektur,Wie hoch ist die Freiheitsstatue vom Boden bis zur Fackelspitze?,Die Christusstatue in Rio ohne Sockel misst etwa 30 Meter; die Freiheitsstatue ist höher.,Der Eiffelturm ist 330 Meter hoch; die Freiheitsstatue erreicht nur einen Bruchteil dieser Höhe.,93,todo
145,B) Mensch & Kultur,Kunst & Architektur,Wie viele Teile hat das größte kommerziell erhältliche Puzzle von Kodak?,Ein typisches Erwachsenenpuzzle hat 1000 Teile; das Kodak-Puzzle ist um ein Vielfaches größer.,Das größte Ravensburger-Puzzle hatte etwa 32000 Teile; Kodak legte später noch einmal deutlich drauf.,51300,todo
146,B) Mensch & Kultur,Kunst & Architektur,Wie lange wurde an Schloss Neuschwanstein gebaut bis zum Baustopp?,Zum Vergleich; der Kölner Dom brauchte über 600 Jahre bis zur Fertigstellung,Herrenchiemsee entstand in etwa 7 Jahren; Neuschwanstein blieb als Baustelle deutlich länger,17,todo
147,B) Mensch & Kultur,Kunst & Architektur,Wie breit ist das Gemälde Mona Lisa ohne Rahmen?,Viele Besucher sind überrascht wie klein das Bild wirkt – eher Laptop als Fernseher,Ein DIN A4 Blatt ist 21 cm breit; die Mona Lisa ist deutlich breiter,53,todo
148,B) Mensch & Kultur,Kunst & Architektur,Aus wie vielen Einzelteilen besteht der Eiffelturm?,Die Eisenkonstruktion wiegt etwa 7.300 Tonnen; verteilt auf viele schlanke Träger,Verbunden durch rund 2.5 Millionen Nieten – die Metallteile sind deutlich weniger zahlreich,18.038,todo
149,B) Mensch & Kultur,Kunst & Architektur,Wie viele Räume hat der Buckingham Palace offiziell?,Das Weiße Haus hat 132 Räume; Buckingham Palace ist als Königssitz deutlich größer.,Im Palast gibt es 19 Staatsräume und 188 Personal-Schlafzimmer; dazu viele Büros und Bäder.,775,todo
150,B) Mensch & Kultur,Kunst & Architektur,Wie schwer ist die Statue David von Michelangelo?,Die Statue ist über fünf Meter hoch und komplett aus massivem Carrara-Marmor gearbeitet,Sie ist schwerer als ein Pkw mit etwa 1500 Kilo aber leichter als ein Reisebus,5572,todo
151,B) Mensch & Kultur,Musik & Popkultur,Wie viele Tonträger haben die Beatles laut EMI-Schätzung weltweit verkauft?,Schon 1978 waren laut Guinness rund 100 Millionen Singles und 100 Millionen Alben verkauft,Heutige konservative Schätzungen sehen die Beatles bei mindestens 600 Millionen verkauften Tonträgern weltweit,1,todo
152,B) Mensch & Kultur,Musik & Popkultur,Wie lange dauert die Album-Version von Autobahn von Kraftwerk?,Typische Popsongs dauern etwa drei bis vier Minuten – Autobahn ist deutlich ausufernder,Der Titel füllt auf der Original-LP alleine die komplette A-Seite,22,todo
153,B) Mensch & Kultur,Musik & Popkultur,Wie viele Tasten hat ein moderner Standard-Konzertflügel?,Seit dem 19 Jahrhundert haben große Klaviere fast alle dieselbe Standardzahl an Tasten,Viele Heim-Keyboards haben 61 Tasten; ein Konzertflügel bietet deutlich mehr Tonumfang,88,todo
154,B) Mensch & Kultur,Musik & Popkultur,Für wie viel Geld wurde die Akustikgitarre von Kurt Cobain 2020 versteigert?,Beim Verkauf brach die Gitarre mehrere Weltrekorde für Gitarrenauktionen; deutlich oberhalb üblicher Spitzenpreise,Vorheriger Rekord für eine Gitarre: David Gilmours Black Strat mit rund 4 Millionen Dollar,6,todo
155,B) Mensch & Kultur,Musik & Popkultur,Wie viele Auszeichnungen hat Beyoncé bis 2024 bei den Grammy Awards insgesamt gewonnen?,Taylor Swift hat 14 Grammys; Aretha Franklin 18; Beyoncé übertrifft jede von beiden klar,U2 als erfolgreichste Band hat 22 Grammys; Beyoncé als Einzelkünstlerin liegt darüber,32,todo
156,B) Mensch & Kultur,Musik & Popkultur,Wie viele Menschen besuchten das Rod Stewart Konzert an der Copacabana im Jahr 1994?,Anfang der 1990er hatte die Stadt Rio etwa fünfeinhalb Millionen Einwohner,Die Rolling Stones zogen 2006 am gleichen Strand etwa anderthalb Millionen Menschen an,3.500.000,todo
157,B) Mensch & Kultur,Musik & Popkultur,Wie oft wurde Last Christmas auf Spotify gestreamt (Stand Dezember 2023)?,Die meistgestreamten Spotify Songs überhaupt liegen inzwischen bei über 5 Milliarden Gesamtstreams,Mariah Careys All I Want For Christmas hatte Ende 2023 rund 1.8 Milliarden Spotify Streams,1.2,todo
158,B) Mensch & Kultur,Musik & Popkultur,Wie viele Musiker sind laut Tarifvertrag in einem großen Kulturorchester mindestens vorgesehen?,Kammerorchester spielen oft mit 15 bis 30 Musikerinnen; Spitzenorchester wie Leipzig haben etwa 185 Planstellen.,Im TVK beginnt ein kleines C-Orchester schon bei 56 Planstellen; A-Orchester erreichen etwa 130.,90,todo
159,B) Mensch & Kultur,Musik & Popkultur,An welchem Tag im August 1977 starb Elvis Presley?,Sein letztes Konzert spielte Elvis Ende Juni 1977 in Indianapolis – er blieb in Memphis.,Zwischen dem letzten Konzert am 26. Juni und seinem Tod lagen sieben Wochen.,16.,todo
160,B) Mensch & Kultur,Musik & Popkultur,Wie viele Saiten hat eine moderne Konzertharfe?,Gitarre 6 Saiten; Violine 4; eine Konzertharfe hat ein Vielfaches dieser Saitenzahl,Keltische Folkharfen kommen meist mit 20 bis 30 Saiten aus; Konzertharfen deutlich darüber,47,todo
161,B) Mensch & Kultur,Film & Serien & Streaming,Wie viele Episoden der Simpsons wurden bis Ende der 35. Staffel ausgestrahlt?,Bereits 1998 in Staffel 9 erreichte die Serie ihre 200. Folge,Die 500. Folge lief 2012 in Staffel 23 – deutlich vor den neuesten Staffeln,750,todo
162,B) Mensch & Kultur,Film & Serien & Streaming,Wie hoch waren die geschätzten Produktionskosten des Films Avatar: The Way of Water?,Cameron sagte; der Film müsse dritt- oder vierterfolgreichster Film werden um sein Budget zu decken,James Camerons Titanic kostete etwa 200 Millionen Dollar – Way of Water war deutlich teurer,350 Millionen,todo
163,B) Mensch & Kultur,Film & Serien & Streaming,Wie viele Oscars erhielt der Film Titanic bei der Verleihung im Jahr 1998?,Forrest Gump gewann 6 Oscars; Titanic räumte bei der Verleihung 1998 deutlich mehr ab.,Titanic gehört zu nur drei Filmen die sich den Rekord an Oscars teilen.,11,todo
164,B) Mensch & Kultur,Film & Serien & Streaming,Wie lange dauert die Special Extended Edition von Die Rückkehr des Königs auf Blu-ray?,Laufzeit in etwa zwei normale Blockbuster hintereinander; ein Hobbit-Film plus ein Marvel-Film,Alle drei Extended Editions zusammen dauern ungefähr zwölf Stunden; dieser Teil ist der längste,263,todo
165,B) Mensch & Kultur,Film & Serien & Streaming,Wie viele zahlende Abonnenten hatte Netflix weltweit im Q4 2023?,2017 hatte Netflix weltweit rund 100 Millionen zahlende Abonnenten; seither wuchs die Zahl kontinuierlich weiter,Disney+ kam Ende 2023 weltweit auf etwa 150 Millionen Abos; Netflix lag deutlich darüber,247,todo
166,B) Mensch & Kultur,Film & Serien & Streaming,Wie oft ist der Schauspieler Sean Bean in Filmen bis 2020 gestorben?,Trotz Meme-Ruf überlebt er in den meisten Rollen; seine Sterberate liegt unter fünfzig Prozent,John Hurt stirbt über vierzig Mal auf Leinwand; Sean Bean landet klar dahinter,23,todo
167,B) Mensch & Kultur,Film & Serien & Streaming,Wie viele James-Bond-Filme wurden von Eon Productions bis zum Film No Time to Die produziert?,Zwischen erstem Bondfilm 1962 und No Time to Die liegen fast sechs Jahrzehnte,Mehr Eon-Bondfilme als Star-Wars-Kinofilme; deutlich weniger als die 37 MCU-Filme,25,todo
168,B) Mensch & Kultur,Film & Serien & Streaming,Wie hoch ist das weltweite Einspielergebnis des erfolgreichsten Films aller Zeiten?,Viele aktuelle Blockbuster landen weltweit zwischen 500 Millionen und einer Milliarde Dollar Einspielergebnis,E.T. war früher Nummer eins mit etwa 800 Millionen Dollar weltweit – heute viel höher,2.923,todo
169,B) Mensch & Kultur,Film & Serien & Streaming,Wie viele Staffeln von Grey's Anatomy wurden bis 2024 produziert?,Grey's Anatomy startete 2005 und sendet 2024 immer noch neue Folgen,Friends endete nach 10 Staffeln; Grey's Anatomy läuft als Drama deutlich länger,20,todo
170,B) Mensch & Kultur,Film & Serien & Streaming,Wie viele Wörter spricht Arnold Schwarzenegger im ersten Terminator-Film?,In der Fortsetzung spricht Arnie rund 700 Wörter – im ersten Teil deutlich weniger.,Im ersten Film hat der Terminator nur 17 gesprochene Sätze – meist sehr kurz.,58,todo
171,B) Mensch & Kultur,Gaming & Internetkultur,In welchem Jahr erschien die erste Alpha-Version des beliebten Sandbox-Spiels Minecraft?,Die erste Alpha erschien im Zeitalter von Facebook und YouTube nicht mehr zur Diskettenära,Die Alpha kam gut drei Jahrzehnte nach den ersten Atari Heimkonsolen der Siebziger,2009,todo
172,B) Mensch & Kultur,Gaming & Internetkultur,Wie lautet der Speedrun-Weltrekord für Super Mario Bros. (Any%) im Jahr 2023?,Normale Spieler brauchen etwa zwei Stunden für Super Mario Bros.; Speedrunner nur wenige Minuten,Warpless-Weltrekord 2023 mit allen Levels unter neunzehn Minuten; Any% mit Warps deutlich kürzer,454,todo
173,B) Mensch & Kultur,Gaming & Internetkultur,Wie viele Pokémon gibt es insgesamt nach der neuesten Erweiterung im Jahr 2024?,Die erste Generation umfasste 151 Pokémon – damals schien das schon sehr viel,Pro Generation kamen im Schnitt grob um die 100 neuen Pokémon dazu – neun Generationen existieren,1010,todo
174,B) Mensch & Kultur,Gaming & Internetkultur,Wie viele monatlich aktive Nutzer hatte Facebook im 4. Quartal 2023?,Ende 2009 nutzten etwa 360 Millionen Menschen Facebook monatlich; seither hat sich die Zahl vervielfacht,Im Dezember 2023 waren täglich rund zwei Milliarden Menschen als aktive Nutzer bei Facebook eingeloggt,2998,todo
175,B) Mensch & Kultur,Gaming & Internetkultur,Für wie viel wurde der Club Neverdie im Spiel Entropia Universe 2010 verkauft?,Neverdie kaufte denselben Asteroiden 2005 selbst für 100000 Dollar im Spiel,2009 wurde die Crystal Palace Raumstation für 330000 Dollar verkauft; Club Neverdie galt wertvoller,635000,todo
176,B) Mensch & Kultur,Gaming & Internetkultur,Wie viele E-Mails wurden 2023 weltweit pro Tag verschickt?,Über 4 Milliarden Menschen weltweit nutzen E Mail; viele beruflich und privat,WhatsApp verarbeitet täglich etwa 140 Milliarden Nachrichten; E Mails liegen deutlich darüber,347,todo
177,B) Mensch & Kultur,Gaming & Internetkultur,Wie viele Aktionen pro Minute führte der StarCraft 2 Pro-Gamer Losira durchschnittlich in Turnieren aus?,Freizeitspieler bleiben meist unter 50 APM; Losira gehört zur absoluten Profi-Elite.,Losira liegt klar über typischen Profiwerten um 250 APM; Rekorde kratzen an 800.,400,todo
178,B) Mensch & Kultur,Gaming & Internetkultur,Wie groß ist die Spielwelt von GTA V (Landmasse + Wasser)?,Manhattan hat etwa 59 km² Landfläche; die GTA V Spielwelt ist deutlich größer.,Elden Ring bietet 79 km²; AC Black Flag 168; GTA V ähnliche Größenordnung.,127,todo
179,B) Mensch & Kultur,Gaming & Internetkultur,Wie viele Suchanfragen verarbeitet Google durchschnittlich pro Sekunde (Stand 2023)?,1999 waren es nur etwa 3 Millionen Google Suchanfragen pro Tag weltweit,Frühere Schätzungen nannten grob 40.000 Google Suchanfragen pro Sekunde im weltweiten Durchschnitt,99.000,todo
180,B) Mensch & Kultur,Gaming & Internetkultur,Wie groß ist die Datei des originalen Super Mario Bros. (NES)?,Viele NES-Spiele lagen grob im Bereich 128 bis 384 KB; Mario gehört zu den kleineren,Die NES-Version von The Legend of Zelda belegt 128 KB ROM; Mario braucht deutlich weniger,40,todo
181,B) Mensch & Kultur,Sport-Rekorde & Titel,In welcher Zeit lief Usain Bolt den 100-Meter-Weltrekord 2009?,Gut trainierte Freizeitsprinter brauchen für 100 Meter meistens etwa 13 bis 14 Sekunden,Auf dieser Strecke erreichte Bolt kurzzeitig über 40 Stundenkilometer Höchstgeschwindigkeit,9.58,todo
182,B) Mensch & Kultur,Sport-Rekorde & Titel,Wie viele Tore hat Pelé in seiner Karriere in offiziellen Spielen erzielt?,Zählt man Freundschaftsspiele dazu werden Pelé oft über 1200 Karrieretore zugeschrieben,Für Brasiliens Nationalteam erzielte Pelé 77 Tore; der Rest stammt aus Vereinswettbewerben,767,todo
183,B) Mensch & Kultur,Sport-Rekorde & Titel,Wie hoch ist der aktuelle Weltrekord im Stabhochsprung der Männer (Duplantis 2024)?,Der Hochsprung Weltrekord ohne Stab liegt bei 2.45 Metern – Stabhochspringer fliegen deutlich höher,Duplantis Rekordlatte liegt weit über einem Basketballkorb auf 3.05 Metern aber unter 10 Metern,623,todo
184,B) Mensch & Kultur,Sport-Rekorde & Titel,Wie lange dauerte das längste Tennismatch zwischen Isner und Mahut im Jahr 2010?,Ein normales Grand-Slam-Match der Herren dauert etwa drei Stunden dieses ging über drei Tage,Die längste Grand-Slam-Finalpartie Djokovic gegen Nadal dauerte 5 Stunden 53 Minuten deutlich kürzer,11 Stunden 5 Minuten,todo
185,B) Mensch & Kultur,Sport-Rekorde & Titel,Wie viele Medaillen hat Michael Phelps bei den Olympischen Spielen insgesamt gewonnen?,Viele Olympia-Legenden erreichen insgesamt nur etwa 8 bis 15 Medaillen in ihrer Karriere,Bei Athen 2004 und Peking 2008 holte Phelps bereits insgesamt 16 Medaillen,28,todo
186,B) Mensch & Kultur,Sport-Rekorde & Titel,Wie hoch ist das Mindestgewicht eines Formel-1-Autos inklusive Fahrer ohne Sprit im Jahr 2024?,Ein normaler Kompaktwagen wiegt etwa 1300 kg; ein F1‑Auto ist deutlich leichter.,2008 lag das Mindestgewicht eines F1‑Autos bei 585 kg; seitdem wurde es erhöht.,798,todo
187,B) Mensch & Kultur,Sport-Rekorde & Titel,Wie viele Zuschauer fasst das Stadion Erster Mai in Pjöngjang offiziell?,Wembley in London fasst etwa 90000 Zuschauer; dieses Stadion übertrifft das deutlich,Beim Arirang Festival treten über 100000 Mitwirkende gleichzeitig im Stadion auf – plus Publikum,150000,todo
188,B) Mensch & Kultur,Sport-Rekorde & Titel,Wie schnell war der schnellste gemessene Aufschlag im Profi-Tennis (Sam Groth 2012)?,Typische ATP-Erstaufschläge liegen um 190 km/h; Groths Rekord ist deutlich schneller,Der schnellste Baseballwurf liegt bei rund 170 km/h; Groths Aufschlag übertrifft das klar,263,todo
189,B) Mensch & Kultur,Sport-Rekorde & Titel,Wie viel Energie verbraucht ein Tour-de-France-Fahrer durchschnittlich an einem Renntag?,Ein normal aktiver Erwachsener benötigt pro Tag etwa 2000 bis 3000 Kalorien,Ein Marathon verbrennt grob 2500 bis 3500 Kalorien; eine Tour-Etappe ist deutlich länger,8000,todo
190,B) Mensch & Kultur,Sport-Rekorde & Titel,Wie oft konnte die deutsche Männer-Nationalmannschaft den Titel bei der Fußball-Weltmeisterschaft erringen?,Deutschland ist nach Brasilien eine der erfolgreichsten Nationen in der WM-Geschichte,Deutschland stand bereits achtmal im WM-Finale – Titel gab es deutlich seltener,4,todo
191,B) Mensch & Kultur,Essen & Trinken,Wie viele Kalorien hat ein Big Mac in Deutschland?,Ein Cheeseburger von McDonald’s hat grob 300 Kalorien – der Big Mac liegt darüber,Ein typischer Döner Kebab hat oft 700 bis 900 Kalorien – der Big Mac liegt darunter,503,todo
192,B) Mensch & Kultur,Essen & Trinken,Wie viele Scoville-Einheiten hat Pepper X im Durchschnitt?,Carolina Reaper im Schnitt etwa 1.6 Millionen Scoville; Pepper X ist deutlich schärfer,Ghost Pepper bei rund 1 Million Scoville; reines Capsaicin bei 16 Millionen; Pepper X dazwischen,2.693.000,todo
193,B) Mensch & Kultur,Essen & Trinken,Wie viel Fleisch verzehrte ein Deutscher im Jahr 2023 durchschnittlich?,Deutschland zählt zu den Ländern mit hohem Fleischkonsum – aber klar unter USA Australien,Weltweit liegt der Fleischverzehr bei etwa 28 Kilo pro Kopf; Nordamerika bei fast 80,52,todo
194,B) Mensch & Kultur,Essen & Trinken,Wie lange muss Parmigiano Reggiano mindestens reifen?,Gouda oder Raclette liegen oft bei wenigen Wochen Reife; Parmigiano deutlich darüber.,Auf vielen Packungen steht Parmigiano mit 24 30 oder 36 Monaten Reife.,12,todo
195,B) Mensch & Kultur,Essen & Trinken,Wie viele Bläschen entstehen in einem Glas Champagner laut einer Studie von 2023?,Die Studie senkte frühere Schätzungen deutlich; es bleiben aber immer noch Millionen Bläschen pro Glas,Frühere Schätzungen lagen bei rund fünfzehn Millionen Bläschen pro Glas Champagner,1,todo
196,B) Mensch & Kultur,Essen & Trinken,Wie viel Koffein enthält eine Dose Red Bull?,Gesundheitsbehörden halten bis etwa 400 mg Koffein pro Tag für Erwachsene für unbedenklich,Eine 330-ml-Dose Cola hat nur etwa 30 mg Koffein – deutlich weniger als Red Bull,80,todo
197,B) Mensch & Kultur,Essen & Trinken,Wie viele verschiedene Apfelsorten gibt es weltweit schätzungsweise?,Im Supermarkt siehst du meist weniger als zehn Sorten; im Obstanbau existieren tausende,In den USA gibt es rund 2500 kultivierte Apfelsorten; weltweit sind es deutlich mehr,7500,todo
198,B) Mensch & Kultur,Essen & Trinken,Wie viel Zucker ist in einem Liter Coca-Cola (Classic) enthalten?,WHO empfiehlt höchstens etwa 50g Zucker pro Tag; ein Liter Cola übersteigt das klar,Eine 100g-Tafel Vollmilchschokolade hat rund 50–60g Zucker; der Liter Cola liegt darüber,106,todo
199,B) Mensch & Kultur,Essen & Trinken,Wie hoch ist der Preis des teuersten Burgers der Welt in Euro?,Ein früherer Rekord Burger in New York kostete nur 295 Dollar; heute ist er überboten,Für den aktuellen Rekord Burger verlangt das Restaurant allein 750 Euro Anzahlung,5000,todo
200,B) Mensch & Kultur,Essen & Trinken,Wie lange kann Honig bei kühler und dunkler Lagerung aufbewahrt werden?,Auf Honiggläsern stehen meist nur wenige Jahre Mindesthaltbarkeit doch gut gelagerter Honig hält weit länger,Archäologen fanden Honig in altägyptischen Gräbern der nach rund drei Jahrtausenden noch genießbar war,Unbegrenzt.,todo
201,C) Technik & Zahlenwelt,Physik im Alltag,Wie schnell bewegt sich der Schall in trockener Luft bei 20°C?,Passagierflugzeuge fliegen mit etwa 800–900 km/h; Schall in Luft ist schneller.,In Wasser ist Schall grob viermal schneller und erreicht deutlich über 5000 km/h.,1235,todo
202,C) Technik & Zahlenwelt,Physik im Alltag,Wie hoch ist die durchschnittliche Leistungsaufnahme des menschlichen Gehirns?,Das Gehirn macht etwa 2 Prozent der Körpermasse aus – frisst aber überproportional Energie,Ein ruhender Erwachsener setzt insgesamt etwa 100 Watt um – das Gehirn ist nur ein Anteil,20,todo
203,C) Technik & Zahlenwelt,Physik im Alltag,Bei welcher Temperatur gefriert reines Ethanol (Alkohol)?,Ein Gefrierfach hat etwa minus 18 Grad; reiner Trinkalkohol bleibt darin noch flüssig,Trockeneis liegt bei rund minus 78 Grad; reines Ethanol ist dann noch flüssig,-114,todo
204,C) Technik & Zahlenwelt,Physik im Alltag,Wie viel wiegt 1 Kubikmeter Luft auf Meereshöhe bei 20°C?,Ein Kubikmeter Wasser wiegt etwa 1000 Kilogramm Luft ist dagegen extrem leicht.,Ein Liter Luft wiegt deutlich unter 10 Gramm tausend Liter ergeben einen Kubikmeter.,1.204,todo
205,C) Technik & Zahlenwelt,Physik im Alltag,Ab wie viel Beschleunigung tritt bei untrainierten Menschen Bewusstlosigkeit ein?,Im Alltag spürst du 1 g; Achterbahnen gehen grob bis zum Doppelten,Trainierte Kampfpiloten mit Spezialanzug bleiben bei etwa 9 g noch bei Bewusstsein,5,todo
206,C) Technik & Zahlenwelt,Physik im Alltag,Welche Geschwindigkeit erreicht ein Fallschirmspringer in stabiler Bauchlage?,Ein Fallschirmspringer erreicht seine Endgeschwindigkeit nach rund 10 Sekunden stabiler Bauchlage im freien Fall,Im Kopf-nach-unten-Speedflug schaffen Profis gut 300 km/h; Bauchlage ist deutlich langsamer,200,todo
207,C) Technik & Zahlenwelt,Physik im Alltag,Wie viele verschiedene Farben kann das menschliche Auge unterscheiden?,Viele Säugetiere sehen nur zwei Grundfarben; Menschen dagegen drei Zapfentypen im Auge,Ein typischer Computerbildschirm stellt mit 24 Bit Farbtiefe etwa 16 Millionen Farben dar,10 Millionen,todo
208,C) Technik & Zahlenwelt,Physik im Alltag,Welche Temperatur kann der Blitzkanal bei einer Entladung kurzzeitig erreichen?,Flüssige Lava erreicht höchstens etwa 1200 Grad; der Blitzkanal ist deutlich heißer,Die Sonnenoberfläche hat rund 5500 Grad; der Blitzkanal wird ein Vielfaches heißer,30.000,todo
209,C) Technik & Zahlenwelt,Physik im Alltag,Wie viel wiegen alle Elektronen die das Internet am Laufen halten?,Ein Elektron wiegt rund 10 hoch minus 30 Kilogramm – das Internet nutzt Milliarden Billionen.,Durch einen Strom von 1 Ampere fließen pro Sekunde etwa 6 Trillionen Elektronen.,50 Gramm,todo
210,C) Technik & Zahlenwelt,Physik im Alltag,Wie hoch kann ein durchschnittlicher Floh springen?,Ein Floh ist nur wenige Millimeter groß; seine Sprunghöhe liegt etwa auf Knöchelhöhe.,In der Weite schafft ein Floh Sprünge von gut einem Drittel Meter; in der Höhe weniger.,18,todo
211,C) Technik & Zahlenwelt,Chemie & Stoffe,Welchen Anteil der sichtbaren Materie im Universum macht Wasserstoff aus?,Beim Urknall entstanden fast nur Wasserstoff und Helium schwere Elemente sind extrem selten,Alle Elemente schwerer als Helium machen zusammen nur etwa ein Fünfzigstel der sichtbaren Materie aus,75,todo
212,C) Technik & Zahlenwelt,Chemie & Stoffe,Wie viele chemische Elemente sind aktuell im Periodensystem offiziell benannt?,Als Mendelejew 1869 seine Tabelle veröffentlichte kannte man erst 63 chemische Elemente.,Gold hat Ordnungszahl 79; Blei 82; das Periodensystem endet deutlich später.,118,todo
213,C) Technik & Zahlenwelt,Chemie & Stoffe,Wie hoch ist der Goldanteil bei 24 Karat?,Im Karatsystem entspricht 12 Karat ungefähr halb so viel Gold wie der Höchstwert 24,Viele Eheringe sind aus 14 Karat Gold also etwas mehr als halb so hoch,100,todo
214,C) Technik & Zahlenwelt,Chemie & Stoffe,Bei welcher Temperatur liegt der Schmelzpunkt von reinem Eisen?,Aluminium wird schon bei rund 660 Grad flüssig; reines Eisen braucht deutlich mehr Hitze.,Kupfer schmilzt bei etwa 1085 Grad; Wolfram über 3400 Grad; Eisen liegt dazwischen.,1538,todo
215,C) Technik & Zahlenwelt,Chemie & Stoffe,Wie viel Salz konsumieren Männer in Deutschland durchschnittlich pro Tag?,Die WHO empfiehlt Erwachsenen höchstens 5 Gramm Salz täglich; der Durchschnitt liegt darüber.,In Deutschland überschreiten über 75 Prozent der Männer den Richtwert von 6 Gramm täglich.,10,todo
216,C) Technik & Zahlenwelt,Chemie & Stoffe,Wie viele Moleküle sind in einem einzigen Tropfen Wasser enthalten?,Auf allen Stränden der Erde gibt es etwa 10^20 Sandkörner - ein Tropfen hat mehr,Ein Teelöffel Wasser hat grob 10^23 Moleküle - ein Tropfen ist viel kleiner,1.67,todo
217,C) Technik & Zahlenwelt,Chemie & Stoffe,Wie schwer ist ein Good Delivery Goldbarren (Standard im Bankenhandel)?,Ein typischer Goldbarren für Privatanleger wiegt 1 kg; ein Good Delivery Barren enthält mehrere davon,Schwerer Bowlingball rund 7 kg; Good Delivery Barren deutlich schwerer eher wie kleine Hantel,12.4,todo
218,C) Technik & Zahlenwelt,Chemie & Stoffe,Wie hoch ist der Wasseranteil im Körper eines erwachsenen Mannes?,Mit dem Alter nimmt der mittlere Wasseranteil des menschlichen Körpers merklich ab,Muskeln sind sehr wasserreich Knochen und Fett deutlich wasserärmer – Männer haben mehr Muskelmasse,60,todo
219,C) Technik & Zahlenwelt,Chemie & Stoffe,Wie viele chemische Substanzen sind im CAS-Register verzeichnet?,2009 wurde bereits die 50-millionste Substanz ins CAS-Register eingetragen,2015 erreichte das Register 100 Millionen Einträge; seither kommen täglich etwa 15000 neue dazu,Über 200 Millionen.,todo
220,C) Technik & Zahlenwelt,Chemie & Stoffe,Welchen pH-Wert hat menschliche Magensäure im nüchternen Zustand typischerweise?,Die pH Skala reicht von 0 sauer bis 14 basisch; Wasser liegt bei 7,Zitronensaft und Essig haben pH 2 bis 3; Magensäure ist deutlich saurer,1.5,todo
221,C) Technik & Zahlenwelt,Erfindungen & erste Male,In welchem Jahr fand der erste motorisierte Flug durch die Gebrüder Wright statt?,Zur Zeit des Wright-Flugs gab es bereits Autos elektrisches Licht und Stummfilmkino,Der erste Heißluftballon flog im 18 Jahrhundert; der Wright-Flug fand über ein Jahrhundert später statt,1903,todo
222,C) Technik & Zahlenwelt,Erfindungen & erste Male,An welchem Datum wurde die erste Website der Welt online geschaltet?,Sie entstand Jahrzehnte nach der ersten ARPANET-Nachricht 1969; deutlich vor Google und Wikipedia.,Das Domain Name System wurde 1984 eingeführt; die erste Website folgte erst mehrere Jahre später.,6. August 1991,todo
223,C) Technik & Zahlenwelt,Erfindungen & erste Male,Wie viele Patente wurden Thomas Alva Edison insgesamt erteilt?,Nikola Tesla hatte weltweit rund 300 Patente – Edison deutlich mehr als sein Rivale,Für elektrische Beleuchtung und Energieversorgung erhielt Edison allein über 400 Patente,1.093,todo
224,C) Technik & Zahlenwelt,Erfindungen & erste Male,In welchem Jahr wurde die erste Eisenbahnstrecke von Nürnberg nach Fürth eröffnet?,Die Strecke war die allererste Dampfbahn Deutschlands – inspiriert von bereits erfolgreichen englischen Bahnen,Die gesamte Strecke war nur etwa sechs Kilometer lang; Höchstgeschwindigkeit rund 23 Stundenkilometer,1835,todo
225,C) Technik & Zahlenwelt,Erfindungen & erste Male,In welchem Jahr erfand Johannes Gutenberg den Buchdruck mit beweglichen Lettern?,Bewegliche Lettern gab es in China schon um 1040; Gutenberg brachte sie später nach Europa,Gutenbergs Erfindung liegt nach der großen Pest in Europa und vor Luthers Thesenanschlag,1450,todo
226,C) Technik & Zahlenwelt,Erfindungen & erste Male,Wie lange dauerte es nach der Erfindung des Telefons bis 50 Millionen Nutzer erreicht wurden?,Internet erreichte 50 Millionen Nutzer in 4 Jahren; Angry Birds schaffte das in 35 Tagen.,Radio brauchte 38 Jahre bis 50 Millionen Hörer; Fernsehen schaffte das schon nach 13 Jahren.,75,todo
227,C) Technik & Zahlenwelt,Erfindungen & erste Male,In welchem Jahr wurde die erste E-Mail verschickt?,Sie entstand auf dem Forschungsnetz ARPANET – lange bevor Privatleute Internetzugang hatten.,Die erste E-Mail wurde auf zwei raumfüllenden Großrechnern per Fernschreiber verschickt – nicht auf PCs.,1971,todo
228,C) Technik & Zahlenwelt,Erfindungen & erste Male,Wie schwer war der erste elektronische Universalrechner ENIAC (1946)?,Er füllte einen etwa neun mal fünfzehn Meter großen Raum – komplett mit Schaltschränken,Ein Mittelklasseauto wiegt etwa eineinhalb Tonnen; ENIAC brachte das Gewicht vieler solcher Autos,27,todo
229,C) Technik & Zahlenwelt,Erfindungen & erste Male,In welchem Jahr wurde der Nintendo Game Boy in Europa veröffentlicht?,In Europa erschien der Game Boy nach dem NES aber vor dem Super Nintendo.,Zur Markteinführung in Deutschland kostete der Game Boy 169 D-Mark inklusive Tetris.,1990,todo
230,C) Technik & Zahlenwelt,Erfindungen & erste Male,In welchem Jahr wurde das Penicillin entdeckt?,Bei Flemings Fund waren Radios weit verbreitet; Fernsehen war dagegen noch Zukunftsmusik,Penicillin wurde entdeckt nach dem Ersten Weltkrieg aber vor seinem Einsatz im Zweiten Weltkrieg,1928,todo
231,C) Technik & Zahlenwelt,Geräte & Gadgets,Wie viele Megapixel hat das menschliche Auge rechnerisch?,Ein 4K Fernseher hat grob 8 Megapixel – aktuelle Handykameras oft 12 bis 50,Das Auge ist zentral extrem scharf – in der Peripherie aber deutlich geringer aufgelöst,576,todo
232,C) Technik & Zahlenwelt,Geräte & Gadgets,Wie oft schauen Menschen in Deutschland durchschnittlich pro Tag auf ihr Smartphone?,Laut Bitkom nutzen Deutsche ihr Smartphone im Schnitt rund zweieinhalb Stunden täglich,Eine frühere Studie fand bei deutschen Nutzern durchschnittlich etwa 30 Handy Blicke pro Tag,56,todo
233,C) Technik & Zahlenwelt,Geräte & Gadgets,Mit welcher Taktfrequenz arbeitete der Prozessor des Apollo Guidance Computer?,Der Game Boy war deutlich höher getaktet; seine CPU lief mit gut 4 MHz,Der Intel 4004 Mikroprozessor kam erst später und schaffte nur etwa 0.74 MHz,2.048,todo
234,C) Technik & Zahlenwelt,Geräte & Gadgets,Wie viele Transistoren befinden sich auf dem Apple M2 Ultra Chip?,Der ursprüngliche Apple M1 hatte etwa 16 Milliarden Transistoren und liegt weit unter M2 Ultra,Nvidias H100 GPU besitzt rund 80 Milliarden Transistoren; M2 Ultra liegt noch darüber,134,todo
235,C) Technik & Zahlenwelt,Geräte & Gadgets,Wie lange geben Hersteller als Lebensdauer für eine hochwertige LED-Lampe an?,Eine Glühlampe hält etwa 1000 Stunden; viele Energiesparlampen schaffen rund 8000 bis 10000.,Manche Profi-LED-Module sind für 50000 Betriebsstunden und mehr spezifiziert; Haushaltslampen liegen deutlich darunter.,25000,todo
236,C) Technik & Zahlenwelt,Geräte & Gadgets,Wie hoch ist der durchschnittliche Stromverbrauch eines modernen Kühlschranks pro Jahr?,Ein typischer Haushalt verbraucht im Jahr rund 3.000 Kilowattstunden Strom insgesamt,Ein moderner Wäschetrockner benötigt jährlich deutlich mehr Strom als ein Kühlschrank; oft über 500 kWh,150,todo
237,C) Technik & Zahlenwelt,Geräte & Gadgets,Wie schwer ist das iPhone 15 Pro Max?,Altes 4 Zoll iPhone rund 135g – typisches 13 Zoll Notebook etwa 1200g,10 Zoll iPad etwa 480g – 15 Pro Max näher am 135g iPhone,221,todo
238,C) Technik & Zahlenwelt,Geräte & Gadgets,Mit wie vielen Umdrehungen pro Minute dreht sich eine Standard-Desktop-Festplatte?,Beim Schleudern schafft eine Waschmaschine rund 1200 bis 1600 Umdrehungen pro Minute; Festplatten deutlich schneller,Teure Serverfestplatten erreichen bis zu 15000 Umdrehungen pro Minute; Desktopmodelle liegen deutlich darunter,7200,todo
239,C) Technik & Zahlenwelt,Geräte & Gadgets,Wie viel kostete der erste kommerzielle 42-Zoll-Plasma-TV von Philips 1997?,Ende der 90er kostete ein normaler 32 Zoll Röhrenfernseher meist unter 1000 Dollar,2002 galt ein 42 Zoll Plasma für 3000 Dollar bereits als drastisch günstiges Schnäppchen,15.000,todo
240,C) Technik & Zahlenwelt,Geräte & Gadgets,Wie viele Überwachungskameras gab es 2021 weltweit schätzungsweise?,Mehr als die Hälfte aller Überwachungskameras der Welt stehen in China laut Schätzungen.,In chinesischen Städten kommen teils über 150 Überwachungskameras auf 1000 Einwohner – Weltrekord.,1 Milliarde,todo
241,C) Technik & Zahlenwelt,Digitales & Internet,Wie viele Websites waren im Jahr 2023 weltweit online?,Die Marke von 1 Milliarde Websites wurde bereits 2014 überschritten,Pro Tag entstehen weltweit grob 250000 neue Websites; also rund hundert Millionen pro Jahr,2,todo
242,C) Technik & Zahlenwelt,Digitales & Internet,Wie viele E-Mails werden in einer einzigen Internet-Minute verschickt (Stand 2023)?,Die Welt hat rund 8 Milliarden Menschen; viele verschicken täglich mehrere E Mails.,Pro Internet Minute entstehen fast 70 Millionen WhatsApp Nachrichten und etwa 6 Millionen Google Suchen.,200 Millionen,todo
243,C) Technik & Zahlenwelt,Digitales & Internet,Wie viele Einheiten Bitcoins sind im Protokoll maximal vorgesehen?,Auch bei maximaler Erzeugung hätte jeder Mensch deutlich weniger als einen Bitcoin,Es gibt rund 60 Millionen Dollar-Millionäre weltweit; selbst für die reicht kein ganzer Bitcoin,21000000,todo
244,C) Technik & Zahlenwelt,Digitales & Internet,Aus wie vielen Zeilen Code bestehen alle Google-Dienste zusammen (Stand 2015)?,2015 hatte der Linux Kernel etwa 20 Millionen Codezeilen; Googles Dienste liegen weit darüber,Windows 7 wird auf rund 50 Millionen Codezeilen geschätzt; Googles Gesamtdienste sind zigfach größer,2 Milliarden,todo
245,C) Technik & Zahlenwelt,Digitales & Internet,Wie lange würde ein Computer benötigen um ein 12-stelliges Passwort bestehend aus Zahlen und Buchstaben zu knacken?,Schon 8-stellige Passwörter können heute in Minuten fallen; zusätzliche Zeichen lassen die Zeit explodieren,Sechzehnstellige starke Passwörter werden teils mit hunderten Millionen Jahren Knackzeit geschätzt; zwölfstellige deutlich weniger,Etwa 34.000 Jahre.,todo
246,C) Technik & Zahlenwelt,Digitales & Internet,Wie hoch war der Anteil von Bad Bots am gesamten Internetverkehr 2022?,2022 stammte weltweit fast jeder zweite Seitenaufruf von einem Bot nicht von Menschen,Auf Gaming Websites stammen fast sechs von zehn Seitenaufrufen von Bad Bots,30,todo
247,C) Technik & Zahlenwelt,Digitales & Internet,Wie viele Einheiten an Daten wurden 2023 weltweit generiert laut IDC Schätzung?,2018 wurden weltweit rund 33 Zettabyte Daten pro Jahr erzeugt laut IDC,IDC prognostiziert für 2025 weltweit etwa 180 Zettabyte neu erzeugter Daten pro Jahr,120,todo
248,C) Technik & Zahlenwelt,Digitales & Internet,Wie viel Videomaterial wird jede Minute auf YouTube hochgeladen (Stand 2022)?,Die Uploads eines einzigen Tages entsprechen ungefähr der Sehdauer eines ganzen Menschenlebens,2013 meldete YouTube schon rund 100 Stunden neuen Videomaterials pro Minute,500,todo
249,C) Technik & Zahlenwelt,Digitales & Internet,Wie viel Strom verbrauchen Rechenzentren weltweit pro Jahr?,Rechenzentren nutzen weltweit grob 1 bis 2 Prozent des gesamten Stroms,Prognosen sehen für 2030 fast 1000 TWh Rechenzentrumsstrom weltweit,200,todo
250,C) Technik & Zahlenwelt,Digitales & Internet,Wie viele Emojis sind im Unicode Standard 15.1 enthalten?,Die erste standardisierte Sammlung umfasste 722 Emojis; seitdem wächst die Anzahl jedes Jahr,In Unicode 15.1 gibt es rund 150000 Zeichen; Emojis machen nur einige wenige Prozent aus,3664,todo
251,C) Technik & Zahlenwelt,Verkehr & Mobilität,Aus wie vielen Einzelteilen setzt sich ein durchschnittliches Auto mit Verbrennungsmotor zusammen?,Ein Jumbojet wie die Boeing 747 hat rund sechs Millionen Teile; ein Auto viel weniger,Ein großes Lego Technic Auto Set hat etwa viertausend Teile; ein echtes Auto ein Mehrfaches,30.000,todo
252,C) Technik & Zahlenwelt,Verkehr & Mobilität,Wie groß ist das Streckennetz der Deutschen Bahn (Stand 2022)?,Deutschlands Autobahnnetz hat rund 13.000 Kilometer; das Schienennetz der DB ist deutlich länger,Im DB-Netz summiert sich die gesamte Gleislänge auf über 60.000 Kilometer; Streckenlänge deutlich geringer,33.400,todo
253,C) Technik & Zahlenwelt,Verkehr & Mobilität,Was ist das maximale Startgewicht eines Airbus A380?,Zum Vergleich; ein Airbus A320 startet voll beladen mit nur rund 80 Tonnen,Ein Boeing 747-400 Jumbojet erreicht maximal etwa 400 Tonnen Startgewicht; der A380 darüber,560,todo
254,C) Technik & Zahlenwelt,Verkehr & Mobilität,Welche Höchstgeschwindigkeit erreichte der japanische Maglev-Zug L0 Series im Test?,Schnellste Shinkansen im Linienbetrieb schaffen etwa 320 km/h; der L0-Test war deutlich schneller,Der Shanghai-Maglev erreicht maximal 431 km/h; der L0-Rekord lag spürbar darüber,603,todo
255,C) Technik & Zahlenwelt,Verkehr & Mobilität,Wie viele Personenkraftwagen (PKW) waren 2023 weltweit zugelassen?,Global kommen etwa 180 Fahrzeuge auf 1000 Menschen; in Nordamerika über 700 pro 1000.,2015 waren weltweit knapp 950 Millionen PKW zugelassen; seitdem steigt der Bestand jedes Jahr weiter.,1.5,todo
256,C) Technik & Zahlenwelt,Verkehr & Mobilität,Wie viel Kerosin verbraucht eine Boeing 747 durchschnittlich pro Sekunde im Reiseflug?,Eine Boeing 747 kann über 200000 Liter Kerosin tanken und fast 14000 km fliegen,Auf einem Flug London–New York verbraucht sie deutlich über 70000 Kilogramm Kerosin,4,todo
257,C) Technik & Zahlenwelt,Verkehr & Mobilität,Wie lang ist das größte Containerschiff der Welt (MSC Irina Klasse)?,Die Titanic war 269 Meter lang; MSC Irina ist deutlich länger.,Ein Fußballfeld misst rund 105 Meter; MSC Irina übertrifft die Länge von drei Feldern.,400,todo
258,C) Technik & Zahlenwelt,Verkehr & Mobilität,Wie viele Fahrräder gibt es in Amsterdam laut Schätzungen?,In Amsterdam gibt es mehr Fahrräder als Einwohner – die Stadt ist klar fahrraddominiert,Im Schnitt besitzt ein Haushalt in Amsterdam fast zwei Fahrräder – viele haben mehrere Räder,881.000,todo
259,C) Technik & Zahlenwelt,Verkehr & Mobilität,Wie weit legt ein Fernfahrer in Deutschland durchschnittlich pro Jahr zurück?,Ein durchschnittlicher Pkw in Deutschland fährt pro Jahr nur gut 12000 Kilometer.,Alle Lkw zusammen schaffen im Schnitt nur rund 24000 km pro Jahr; Fernverkehr deutlich mehr.,120000,todo
260,C) Technik & Zahlenwelt,Verkehr & Mobilität,An welcher Stelle unter dem Meeresspiegel liegt der tiefste Punkt des Eurotunnels?,Die tiefste Stelle des Ärmelkanals erreicht etwa 174 Meter; der Tunnel bleibt näher zur Oberfläche.,Seikan-Tunnel in Japan liegt 240 Meter unter Meeresspiegel; Eurotunnel weniger als halb so tief.,75,todo
261,C) Technik & Zahlenwelt,Haushalt & Energie,Wie viel Wasser fließt durch einen Standard-Duschkopf in 5 Minuten?,Ein Vollbad benötigt grob 150 Liter Wasser; deutlich mehr als eine kurze Dusche,Eine Toilettenspülung nutzt etwa 6 Liter; 5 Minuten Duschen entsprechen mehreren Spülungen,50,todo
262,C) Technik & Zahlenwelt,Haushalt & Energie,Was kostete eine Kilowattstunde Strom für Neukunden in Deutschland im Schnitt im 2. Halbjahr 2023?,Im Jahr 2000 zahlten deutsche Haushalte etwa 14 Cent je Kilowattstunde Strom.,Ende 2023 lag der durchschnittliche Haushaltsstrompreis über 40 Cent; Neukundentarife waren günstiger.,30,todo
263,C) Technik & Zahlenwelt,Haushalt & Energie,Wie hoch sind die durchschnittlichen jährlichen Kosten für den Standby-Verbrauch von Elektrogeräten in einem deutschen Haushalt?,Ein durchschnittlicher Drei-Personen-Haushalt zahlt für Strom oft mehr als tausend Euro jährlich,Einige Altgeräte verursachen allein im Standby rund 40 bis 50 Euro Stromkosten pro Jahr,115,todo
264,C) Technik & Zahlenwelt,Haushalt & Energie,Wie viele Windenergieanlagen an Land waren Ende 2023 in Deutschland in Betrieb?,Allein Niedersachsen hat über 6000 Windräder an Land; mehrere Nordländer liegen ähnlich hoch,Ende 2023 waren rund 60 Gigawatt Windleistung installiert; Turbinen leisten meist 3 bis 6 MW,29.000,todo
265,C) Technik & Zahlenwelt,Haushalt & Energie,Wie hoch ist der Energieinhalt eines Liters Heizöl EL?,Energiegehalt pro Liter liegt ungefähr in der gleichen Größenordnung wie bei Diesel,Ein Kilogramm Holzpellets bringt etwa 5 kWh Wärme – deutlich weniger als 1 Liter Heizöl,10,todo
266,C) Technik & Zahlenwelt,Haushalt & Energie,Wie oft wird in einem Durchschnittshaushalt in Deutschland pro Jahr gewaschen?,Wascht man nur einmal wöchentlich kommt man auf 52 Waschladungen im Jahr.,In Großbritannien kalkuliert man mit rund 260 Waschladungen je Haushalt und Jahr.,200,todo
267,C) Technik & Zahlenwelt,Haushalt & Energie,Wie hoch war der pro-Kopf CO2-Ausstoß in Deutschland im Jahr 2023?,Deutschland liegt pro Kopf klar über dem Welt-Durchschnitt der bei unter fünf Tonnen liegt,In den USA liegt der Pro-Kopf-Wert bei über vierzehn Tonnen CO2 jährlich,7.4,todo
268,C) Technik & Zahlenwelt,Haushalt & Energie,Welche Brenndauer hat ein Standard-Teelicht laut RAL-Gütezeichen?,Votivkerzen mit RAL-Zeichen schaffen grob 10 bis 15 Stunden; Teelichter sind deutlich kurzlebiger,Gastro-Teelichter mit RAL-Gütezeichen werben teils mit rund 8 Stunden Brenndauer – Standard darunter,4,todo
269,C) Technik & Zahlenwelt,Haushalt & Energie,Wie viel Wasser verschwendet ein tropfender Wasserhahn (1 Tropfen pro Sekunde) an einem Tag?,Eine Person verbraucht im Haushalt durchschnittlich über 120 Liter Wasser pro Tag,Über ein Jahr summiert sich das Tropfwasser auf mehrere Tausend Liter,15,todo
270,C) Technik & Zahlenwelt,Haushalt & Energie,Wie viel Leistung hat ein handelsüblicher Haartrockner auf Maximalstufe?,Eine klassische 60-Watt-Glühbirne braucht nur einen winzigen Bruchteil der Föhnleistung.,Ein typischer Zweischeiben-Toaster zieht etwa 1200 Watt; Haartrockner liegen darüber.,2000,todo
271,C) Technik & Zahlenwelt,Wirtschaft & Aktien,Wie hoch war die Staatsverschuldung der USA im Januar 2024?,Um 2000 lag die US-Staatsverschuldung noch im einstelligen Billionenbereich unter 10 Dollar-Billionen,2010 betrug die US-Staatsverschuldung etwas über 10 Dollar-Billionen; seither stark weiter angestiegen,33.,todo
272,C) Technik & Zahlenwelt,Wirtschaft & Aktien,Welchen Börsenwert erreichte Microsoft im Januar 2024?,1999 lag Microsofts Börsenwert bei etwa 0.6 Billion Dollar – weit unter 2024,2024 erreichte Nvidia etwa 3.3 Billion Dollar Börsenwert – Microsoft blieb etwas kleiner,2.5,todo
273,C) Technik & Zahlenwelt,Wirtschaft & Aktien,Wie viele Euro-Banknoten waren Ende 2023 im Umlauf?,Ende 2023 kursierten fast 150 Milliarden Euro-Münzen; Scheine sind deutlich seltener,Ende 2002 waren nur rund acht Milliarden Euro-Banknoten im Umlauf – seitdem stark gewachsen,29,todo
274,C) Technik & Zahlenwelt,Wirtschaft & Aktien,Wie hoch war die Inflationsrate in Deutschland im Oktober 1923 waehrend der Hyperinflation?,Deutschlands Hyperinflation 1923 gilt meist als drittschlimmste jemals nach Ungarn und Zimbabwe,Im Oktober 1923 verdoppelten sich deutsche Preise ungefähr alle dreieinhalb Tage,29.500.000.000.000,todo
275,C) Technik & Zahlenwelt,Wirtschaft & Aktien,Wie viel kostete die Produktion einer 1-Cent-Münze im Jahr 2022?,Seit 2006 kostet ein US Penny mehr als sein Nennwert von einem Cent,Ein Dime kostete 2022 gut fünf Cent in der Herstellung ein Quarter sogar über elf,2.72,todo
276,C) Technik & Zahlenwelt,Wirtschaft & Aktien,Wie viele Unternehmen sind im Deutschen Aktienindex (DAX) gelistet?,DAX ist viel schlanker als FTSE 100 mit 100 Unternehmen und der S&P 500,Im SDAX sind 70 kleinere Werte; DAX umfasst nur die große Bluechip Liga,40,todo
277,C) Technik & Zahlenwelt,Wirtschaft & Aktien,Wie hoch war das Vermögen von Elon Musk laut Forbes im Januar 2024?,2020 knackte Musk erstmals 100 Milliarden Dollar; Ende 2021 überschritt er schon die 300 Milliarden.,2024 hatten Gates und Buffett je etwa 130 Milliarden; Musk lag deutlich über deren Vermögen.,230,todo
278,C) Technik & Zahlenwelt,Wirtschaft & Aktien,Wie hoch war das Bruttoinlandsprodukt von Deutschland im Jahr 2023?,2023 lag das weltweite BIP grob bei 100 Billionen US-Dollar; Deutschlands Anteil ist einstelliger Prozentbereich,2023 lag Italiens BIP bei rund 2.3 Billionen US-Dollar; Deutschlands Wirtschaftskraft ist spürbar größer,4.2,todo
279,C) Technik & Zahlenwelt,Wirtschaft & Aktien,Bei welchem Kurs stand die Berkshire Hathaway Aktie (Klasse A) im März 2024 (höchster Aktienkurs)?,2006 erreichte Berkshire A erstmals 100.000 Dollar; 2014 überschritt sie schon 200.000 Dollar,Ab 2021 lag der Kursrekord der A Aktie erstmals deutlich über 400.000 Dollar,Ich habe keine Informationen über den Aktienkurs von Berkshire Hathaway im März 2024.,todo
280,C) Technik & Zahlenwelt,Wirtschaft & Aktien,Wie viel Gold lagert offiziell im US Bullion Depository in Fort Knox?,Die USA besitzen insgesamt gut 8000 Tonnen Goldreserven; Fort Knox ist nur ein Teil,Deutschland hält rund 3300 Tonnen Goldreserven; der Fort-Knox-Bestand liegt deutlich über diesem Wert,4578,todo
281,C) Technik & Zahlenwelt,Industrie & Produktion,Wie viele Fahrzeuge lieferte der Volkswagen Konzern 2023 weltweit aus?,2023 wurden weltweit rund 86 Millionen Neuwagen verkauft; der VW Konzern bedient nur einen Teil,Volkswagen Marke lieferte 2023 etwa 4.87 Millionen Autos aus; Konzern umfasst zusätzlich Audi Skoda Seat,9.2,todo
282,C) Technik & Zahlenwelt,Industrie & Produktion,Wie viele LEGO-Elemente wurden 2022 produziert?,Anfang der 2000er produzierte LEGO pro Jahr weniger als zwanzig Milliarden Elemente.,Allein im Jahr 2014 stellte LEGO bereits rund sechzig Milliarden Elemente her.,100,todo
283,C) Technik & Zahlenwelt,Industrie & Produktion,Wie viel Zeit wird für die Montage eines Porsche 911 benötigt?,Normale Massenmarkt‑Autos brauchen meist nur 18 bis 35 Stunden für die komplette Montage.,Für einen Rolls‑Royce Ghost veranschlagt man rund 450 Stunden; ein 911 liegt deutlich darunter.,80,todo
284,C) Technik & Zahlenwelt,Industrie & Produktion,Wie viel Bier setzte Anheuser-Busch InBev im Jahr 2022 ab?,2022 wurden weltweit rund 1.9 Milliarden Hektoliter Bier produziert,Heineken als Nummer zwei setzte 2022 etwa 231 Millionen Hektoliter Bier ab,582 Millionen,todo
285,C) Technik & Zahlenwelt,Industrie & Produktion,Wie hoch war die Auflage des IKEA-Katalogs zu Spitzenzeiten?,Der Katalog erschien jährlich in 32 Sprachen und 69 Versionen in über 50 Ländern,Pro Jahr werden weltweit etwa 80 Millionen Bibeln gedruckt - der IKEA Katalog lag deutlich höher,200 Millionen,todo
286,C) Technik & Zahlenwelt,Industrie & Produktion,Wie oft wird in einem modernen VW-Werk ein fertiges Auto produziert?,Im Rekordjahr verließ fast eine Million Fahrzeuge ein einziges VW Werk,Ein Elektroauto Werk von VW schaffte in einer Woche über 7000 Fahrzeuge,60,todo
287,C) Technik & Zahlenwelt,Industrie & Produktion,Wie viel Rohstahl produzierte China im Jahr 2023?,2023 stammte rund die Hälfte des weltweiten Rohstahls aus China; global etwa 1.9 Milliarden Tonnen,Indien als Nummer zwei kam 2023 auf rund 140 Millionen Tonnen Rohstahl,1013,todo
288,C) Technik & Zahlenwelt,Industrie & Produktion,Wie hoch war der weltweite Umsatz mit Halbleitern im Jahr 2023?,Der weltweite Halbleitermarkt macht deutlich weniger als ein Prozent der globalen Wirtschaftsleistung aus,2010 lag der globale Halbleiterumsatz bei rund 300 Milliarden Dollar – 2023 deutlich darüber,580,todo
289,C) Technik & Zahlenwelt,Industrie & Produktion,Wie viel Wasser wird für die Herstellung eines Baumwoll-T-Shirts benötigt?,Eine Tasse Kaffee steckt etwa 140 Liter Wasser; ein Baumwollshirt deutlich mehr,Eine Jeans kann über 10000 Liter Wasser kosten; deutlich mehr als ein T-Shirt,2700,todo
290,C) Technik & Zahlenwelt,Industrie & Produktion,Wie viele Briefe beförderte die Deutsche Post 2022 an einem durchschnittlichen Werktag?,2022 lebten in Deutschland gut 84 Millionen Menschen; viel Briefpost geht an Firmen,2017 wurden in Deutschland rund 15 Milliarden Briefe verschickt; seither sinkt das Volumen,44 Millionen,todo
291,C) Technik & Zahlenwelt,Alltags-Messwerte & Größenordnungen,Wie viele Kopfhaare hat ein Mensch mit blonden Haaren durchschnittlich?,Blondhaarige haben die höchste Haaranzahl; Rothaarige die niedrigste; Braun und Schwarz liegen dazwischen,Rothaarige besitzen im Mittel nur etwa 90000 Kopfhaare; Braunhaarige rund 110000,150000,todo
292,C) Technik & Zahlenwelt,Alltags-Messwerte & Größenordnungen,Wie viele Schritte geht ein Mensch durchschnittlich in seinem Leben?,Erwachsene schaffen im Alltag meist zwischen 4000 und 8000 Schritten pro Tag,Weltweit liegt die durchschnittliche Lebenserwartung inzwischen bei etwas über 70 Jahren,150000000,todo
293,C) Technik & Zahlenwelt,Alltags-Messwerte & Größenordnungen,Wie oft schlägt ein menschliches Herz in 80 Jahren durchschnittlich?,Viele Säugetiere erreichen im Lauf ihres Lebens eine ähnliche Gesamtzahl an Herzschlägen,Ein durchschnittliches Herz schafft pro Tag weit über 100000 Schläge,3,todo
294,C) Technik & Zahlenwelt,Alltags-Messwerte & Größenordnungen,Wie viel wiegt eine typische Schönwetterwolke (Cumulus mediocris 1km³)?,Wäre der Kubikkilometer komplett Wasser wöge er etwa eine Milliarde Tonnen – Wolken deutlich weniger,Ein ausgewachsener Blauwal wiegt grob 150 Tonnen; die Wolke trägt nur wenige solcher Wale,500000,todo
295,C) Technik & Zahlenwelt,Alltags-Messwerte & Größenordnungen,Wie viele Bakterien befinden sich auf einem Quadratzentimeter menschlicher Haut?,Die gesamte Haut eines Menschen trägt deutlich weniger Bakterien als sein Darm,Ein Quadratzentimeter rohes Hühnerfleisch kann Millionen Bakterien tragen; Haut ist viel sauberer,10.000,todo
296,C) Technik & Zahlenwelt,Alltags-Messwerte & Größenordnungen,Wie viel Weltraumschrott (Objekte > 10cm) umkreist die Erde (Stand 2023)?,Zwischen ein und zehn Zentimetern Größe treiben über eine Million Trümmerobjekte im Orbit.,Ein Anti-Satellitentest Chinas 2007 erzeugte etwa dreitausend Trümmerstücke größer als zehn Zentimeter.,9.000,todo
297,C) Technik & Zahlenwelt,Alltags-Messwerte & Größenordnungen,Wie viel Luft atmet ein Erwachsener in Ruhe pro Tag ein und aus?,Ein Erwachsener atmet im Jahr mehrere Millionen Liter Luft ein und aus,Ein einzelner ruhiger Atemzug bewegt ungefähr einen halben Liter Luft,10.000,todo
298,C) Technik & Zahlenwelt,Alltags-Messwerte & Größenordnungen,Wie lang sind alle Blutgefäße eines erwachsenen Menschen aneinandergereiht?,Aneinandergereiht könnten deine Blutgefäße die Erde mindestens einmal am Äquator umrunden.,Alle Kapillaren im Gehirn allein sind etwa 600 Kilometer lang der Rest Körper.,100000,todo
299,C) Technik & Zahlenwelt,Alltags-Messwerte & Größenordnungen,Welche Masse hat die Erde?,Der Mond wiegt nur etwa ein Achtzigstel der Erde,Jupiter besitzt rund 300 Erdmassen; die Sonne über 300000 Erdmassen,6 Trilliarden Tonnen,todo
300,C) Technik & Zahlenwelt,Alltags-Messwerte & Größenordnungen,Wie viele Sandkörner gibt es auf der Erde laut Schätzung der University of Hawaii?,Gezählt wurden nur Sandkörner an Stränden der Erde - keine Wüsten oder Meeresböden,Es gibt deutlich mehr Sandkörner als Sterne in der Milchstraße mit rund hundert Milliarden,7.5,todo
